ID Geography,County,State,2013,2014,2015,2016,2017,2018
05000US16001,Ada County, ID,52542,57716,57399,61301,60858,66405
05000US08001,Adams County, CO,54878,59659,63493,66033,66517,70743
05000US17001,Adams County, IL,41327,45606,46528,51624,48679,56699
05000US42001,Adams County, PA,59029,61543,61023,59300,63107,62284
05000US45003,Aiken County, SC,42259,48882,47219,45945,50749,51932
05000US12001,Alachua County, FL,38454,45228,47895,45304,44676,51241
05000US37001,Alamance County, NC,42512,39576,39541,45100,45150,49979
05000US06001,Alameda County, CA,72399,77214,81717,89979,96296,102125
05000US36001,Albany County, NY,55778,60655,57042,61754,66204,64435
05000US51003,Albemarle County, VA,70312,64722,70589,71975,77181,78584
05000US51510,Alexandria city, VA,86775,86809,90056,87920,100530,101215
05000US26005,Allegan County, MI,56077,53796,55250,57846,62853,61353
05000US24001,Allegany County, MD,40165,39653,38281,45606,42019,42068
05000US42003,Allegheny County, PA,51424,52400,54467,56140,58625,59899
05000US18003,Allen County, IN,45006,48521,49754,51173,52484,54260
05000US39003,Allen County, OH,43030,42701,50332,47592,51542,49063
05000US02020,Anchorage Municipality, AK,79045,76337,78662,85634,79166,83648
05000US45007,Anderson County, SC,41135,42837,43558,45090,48593,51699
05000US47001,Anderson County, TN,40907,47821,42744,46055,48109,50616
05000US23001,Androscoggin County, ME,44127,48007,50338,49081,48286,49697
05000US48005,Angelina County, TX,42750,42156,49768,41161,45326,47519
05000US24003,Anne Arundel County, MD,86230,87217,91230,96483,97085,97814
05000US27003,Anoka County, MN,70800,70915,73382,76533,79169,82492
05000US04001,Apache County, AZ,29180,33076,29417,34685,31671,30207
05000US08005,Arapahoe County, CO,60956,65327,67002,70950,75357,76768
05000US72013,Arecibo Municipio, PR,16151,16325,16033,18516,17740,18360
05000US51013,Arlington County, VA,102501,109266,106768,110388,117237,122394
05000US42005,Armstrong County, PA,43191,44946,44477,47398,45949,49950
05000US23003,Aroostook County, ME,36825,35439,36596,39450,43015,38233
05000US22005,Ascension Parish, LA,75308,66576,76632,76581,70561,79495
05000US39007,Ashtabula County, OH,40839,39079,44511,42965,44173,46349
05000US39009,Athens County, OH,,,36511,36193,44247,36944
05000US34001,Atlantic County, NJ,52127,55313,54052,56778,61777,61212
05000US51015,Augusta County, VA,55284,58322,56766,55342,57017,59820
05000US01003,Baldwin County, AL,44874,48461,52003,56732,55342,56813
05000US24510,Baltimore city, MD,42266,42665,44165,47350,47131,51000
05000US24005,Baltimore County, MD,64795,68257,68775,72764,73805,76182
05000US16005,Bannock County, ID,42174,44018,41530,48429,51612,50748
05000US25001,Barnstable County, MA,61026,65384,66102,67898,71235,68902
05000US13013,Barrow County, GA,56051,47834,53156,54256,59994,61225
05000US18005,Bartholomew County, IN,52505,53002,54447,59102,61533,62047
05000US13015,Bartow County, GA,45191,53675,50572,51405,54218,57380
05000US48021,Bastrop County, TX,48652,53631,63129,56508,72107,69067
05000US12005,Bay County, FL,45594,44775,48259,49157,52415,52107
05000US26017,Bay County, MI,41281,46844,46560,44756,44770,50606
05000US72021,Bayamón Municipio, PR,23741,25271,24810,24128,25815,24873
05000US45013,Beaufort County, SC,57122,54996,60257,65919,58847,65607
05000US42007,Beaver County, PA,49937,51222,50128,55221,54923,54660
05000US51019,Bedford County, VA,57000,56996,54062,56479,66327,64084
05000US48027,Bell County, TX,50656,51221,48908,52275,52479,54495
05000US39013,Belmont County, OH,38224,42079,46113,48220,54253,50250
05000US05007,Benton County, AR,56570,56981,58770,63631,63746,67164
05000US41003,Benton County, OR,47808,52486,52852,55459,60260,63773
05000US53005,Benton County, WA,58997,58093,62484,62508,63346,68115
05000US34003,Bergen County, NJ,81670,84677,89023,93683,94107,100361
05000US45015,Berkeley County, SC,50475,52427,56548,59153,57147,62994
05000US54003,Berkeley County, WV,55134,58754,53548,57357,59142,59328
05000US42011,Berks County, PA,56043,56059,56122,59286,61058,62564
05000US25003,Berkshire County, MA,52514,50211,50765,58418,57054,60476
05000US35001,Bernalillo County, NM,48257,47134,47747,50601,51005,51208
05000US26021,Berrien County, MI,44747,44031,46649,47083,48629,51262
05000US48029,Bexar County, TX,49769,50760,52286,53210,54175,54149
05000US13021,Bibb County, GA,36327,35397,38605,36724,37444,40495
05000US19013,Black Hawk County, IA,45666,51685,50169,50470,49779,51920
05000US42013,Blair County, PA,42164,44019,45432,43443,45957,49942
05000US47009,Blount County, TN,44351,46819,49134,51183,50675,58809
05000US27013,Blue Earth County, MN,51858,48850,48350,53869,56716,58616
05000US16019,Bonneville County, ID,49884,49626,53355,59706,53478,58729
05000US18011,Boone County, IN,,,,,81785,81145
05000US21015,Boone County, KY,64414,65736,67047,72374,78415,77429
05000US29019,Boone County, MO,48953,50085,50520,52752,51340,54356
05000US22015,Bossier Parish, LA,51796,50704,56140,48163,49038,55922
05000US08013,Boulder County, CO,71604,71540,72009,74615,80834,83755
05000US48037,Bowie County, TX,41142,40493,40662,45997,50573,47134
05000US47011,Bradley County, TN,42722,42563,42922,44853,48857,50560
05000US48039,Brazoria County, TX,66250,74799,71251,74799,82229,73623
05000US48041,Brazos County, TX,37913,40973,44270,41559,45155,50110
05000US12009,Brevard County, FL,46472,47907,50416,51184,52540,57888
05000US25005,Bristol County, MA,53501,58057,60183,66027,67842,66205
05000US36005,Bronx County, NY,33009,33712,35176,37525,37397,38467
05000US36007,Broome County, NY,45560,46776,46152,50463,47758,51125
05000US08014,Broomfield County, CO,,,84921,84349,90939,95800
05000US12011,Broward County, FL,50446,51608,53926,54212,56842,57278
05000US55009,Brown County, WI,51160,53392,54802,57783,60793,61651
05000US37019,Brunswick County, NC,47334,46721,46640,50692,56181,60496
05000US29021,Buchanan County, MO,43895,46764,49302,48550,46052,55020
05000US42017,Bucks County, PA,73594,77917,80575,79936,84749,88569
05000US21029,Bullitt County, KY,60264,54690,53434,65359,62319,58119
05000US13031,Bulloch County, GA,36153,32841,33477,43982,42138,44179
05000US37021,Buncombe County, NC,46431,47671,44619,50685,50040,53980
05000US37023,Burke County, NC,33379,37086,42970,40345,40274,43663
05000US38015,Burleigh County, ND,64388,68339,65079,64558,69193,71172
05000US34005,Burlington County, NJ,77398,80896,74800,80254,87673,84889
05000US20015,Butler County, KS,55647,58791,60714,60182,64149,64898
05000US39017,Butler County, OH,55958,58730,58785,63273,64023,60589
05000US42019,Butler County, PA,58233,60782,68848,66426,68934,66423
05000US06007,Butte County, CA,42752,42365,45644,45177,49061,51652
05000US37025,Cabarrus County, NC,54307,54347,56853,63386,61490,69679
05000US54011,Cabell County, WV,39019,34046,38839,38823,33750,38162
05000US49005,Cache County, UT,48587,51556,50518,58003,52828,59248
05000US22017,Caddo Parish, LA,39683,39315,41040,37104,36165,39077
05000US72025,Caguas Municipio, PR,23583,24145,22686,24198,22377,27714
05000US22019,Calcasieu Parish, LA,42625,45742,45767,45962,52319,49113
05000US37027,Caldwell County, NC,32386,37876,38708,36301,45033,42257
05000US01015,Calhoun County, AL,36205,41428,42346,41687,46763,45818
05000US26025,Calhoun County, MI,44520,46088,43084,45902,45386,47204
05000US24009,Calvert County, MD,94196,95110,106247,98732,100590,107884
05000US42021,Cambria County, PA,41423,43224,44179,44100,46598,45084
05000US34007,Camden County, NJ,58006,62330,65025,66362,66196,67523
05000US48061,Cameron County, TX,34374,32093,34074,37061,36975,38378
05000US21037,Campbell County, KY,53323,50872,51208,62536,61379,59524
05000US40017,Canadian County, OK,63549,68552,62045,67177,74720,70204
05000US16027,Canyon County, ID,41941,43250,42786,48437,47324,53374
05000US29031,Cape Girardeau County, MO,42760,47438,49731,50223,51140,49844
05000US34009,Cape May County, NJ,60560,56899,57116,62548,66953,67007
05000US42025,Carbon County, PA,44017,50023,57387,51676,49647,53227
05000US72031,Carolina Municipio, PR,25988,28792,27039,28055,30822,25189
05000US13045,Carroll County, GA,45682,40744,43410,51228,50100,51545
05000US24013,Carroll County, MD,82955,85274,84887,90343,93676,97430
05000US37031,Carteret County, NC,45231,48881,51048,51206,52807,54833
05000US27019,Carver County, MN,82333,83594,92653,92455,101271,100324
05000US30013,Cascade County, MT,43947,42170,45606,45138,47713,49948
05000US29037,Cass County, MO,64144,60849,62561,63420,64595,71114
05000US38017,Cass County, ND,52015,52604,53728,59240,64704,62418
05000US37035,Catawba County, NC,42859,44677,40450,48913,53539,53454
05000US13047,Catoosa County, GA,51608,52412,51012,55717,53231,56364
05000US36009,Cattaraugus County, NY,40362,44320,40016,46842,48484,48179
05000US36011,Cayuga County, NY,50154,53780,53146,54995,56599,52376
05000US24015,Cecil County, MD,66090,61940,70676,74221,74912,74452
05000US42027,Centre County, PA,53207,51367,56337,60266,55895,57333
05000US17019,Champaign County, IL,45682,46776,50252,50335,50281,52725
05000US24017,Charles County, MD,88797,88803,88700,95735,97986,94368
05000US45019,Charleston County, SC,51694,53308,57079,56827,60555,63459
05000US12015,Charlotte County, FL,43698,43039,45492,44200,52070,52927
05000US13051,Chatham County, GA,45263,50718,49252,53964,55352,55308
05000US37037,Chatham County, NC,56550,54229,55642,62961,57770,74959
05000US36013,Chautauqua County, NY,40413,41808,44460,42204,46079,45479
05000US35005,Chaves County, NM,45753,39696,38044,40960,44899,43941
05000US53007,Chelan County, WA,51101,50177,56890,52080,61615,57132
05000US36015,Chemung County, NY,45237,50232,53119,51269,51194,53005
05000US13057,Cherokee County, GA,64705,69711,74104,77950,76368,82069
05000US51550,Chesapeake city, VA,67252,66712,67491,72928,76629,80265
05000US33005,Cheshire County, NH,51945,56652,61780,56364,61257,59186
05000US42029,Chester County, PA,83633,85373,90503,92407,96656,99119
05000US51041,Chesterfield County, VA,66881,72878,75131,76059,80800,80655
05000US50007,Chittenden County, VT,64958,62004,67997,68843,64444,75852
05000US21047,Christian County, KY,45206,35755,39827,41140,43940,38448
05000US29043,Christian County, MO,51342,51692,53730,53172,59161,56717
05000US12017,Citrus County, FL,40015,35671,40294,39206,43548,39964
05000US41005,Clackamas County, OR,66758,65316,69629,74891,79878,81278
05000US53009,Clallam County, WA,46566,46469,44929,48587,47907,59001
05000US18019,Clark County, IN,50760,52674,51828,51401,52036,56307
05000US32003,Clark County, NV,51057,51214,51552,54384,57189,57076
05000US39023,Clark County, OH,43742,41729,47963,46811,46665,49875
05000US53011,Clark County, WA,57588,61741,64275,69062,74747,74060
05000US13059,Clarke County, GA,31551,29996,31284,34999,39825,42232
05000US12019,Clay County, FL,57757,58153,58676,56315,65247,61825
05000US29047,Clay County, MO,60541,61384,65090,65430,66938,68269
05000US13063,Clayton County, GA,40754,43287,42120,45252,45172,46646
05000US42033,Clearfield County, PA,39236,39592,44666,47352,48581,46205
05000US39025,Clermont County, OH,61702,62554,62054,60661,65632,64526
05000US37045,Cleveland County, NC,40581,37433,38885,36992,37205,40690
05000US40027,Cleveland County, OK,54340,58286,59336,61288,61213,62096
05000US26037,Clinton County, MI,59569,58453,63764,65730,62175,69522
05000US36019,Clinton County, NY,43892,53575,45377,55316,58234,56704
05000US13067,Cobb County, GA,63086,67043,70246,70947,75654,78894
05000US04003,Cochise County, AZ,46647,45688,43291,45508,51816,50495
05000US04005,Coconino County, AZ,50637,49757,53152,55091,54893,61843
05000US29051,Cole County, MO,50780,51210,56855,55303,52609,63568
05000US12021,Collier County, FL,54406,58026,62126,61228,66048,69867
05000US48085,Collin County, TX,80273,86040,86217,89638,94933,96051
05000US12023,Columbia County, FL,45220,38520,47808,42019,40811,48848
05000US13073,Columbia County, GA,72167,66925,75440,72737,74164,82024
05000US42037,Columbia County, PA,46530,48540,42599,49186,51726,50601
05000US39029,Columbiana County, OH,42100,42640,41887,47864,41818,43745
05000US48091,Comal County, TX,72759,62389,67363,77425,71060,76203
05000US40031,Comanche County, OK,41488,47235,47587,51164,51059,52089
05000US06013,Contra Costa County, CA,79100,80361,83104,91045,95339,101618
05000US17031,Cook County, IL,53827,55069,56851,60046,61405,63353
05000US48099,Coryell County, TX,51217,47042,45998,51125,52769,46131
05000US13077,Coweta County, GA,61351,59506,67351,71220,72787,69240
05000US53015,Cowlitz County, WA,48417,42223,49949,50637,49456,59225
05000US05031,Craighead County, AR,41134,42691,40085,43678,50422,44810
05000US37049,Craven County, NC,44963,43380,48145,49938,51789,50509
05000US42039,Crawford County, PA,44575,44598,46574,45410,50657,51502
05000US40037,Creek County, OK,44469,47286,46665,43609,46877,55264
05000US01043,Cullman County, AL,39936,38261,37862,39411,45044,44612
05000US23005,Cumberland County, ME,54780,61992,64215,65913,71975,72452
05000US37051,Cumberland County, NC,43609,42248,42107,45205,43759,46716
05000US34011,Cumberland County, NJ,45978,45339,51315,49110,52627,52795
05000US42041,Cumberland County, PA,60088,62759,63890,63530,69301,71802
05000US39035,Cuyahoga County, OH,43501,44016,45297,46601,46784,49910
05000US27037,Dakota County, MN,73475,76213,77196,78662,80832,86302
05000US19049,Dallas County, IA,78837,77412,78634,75899,88561,83990
05000US48113,Dallas County, TX,47810,50076,51799,54399,56718,59839
05000US55025,Dane County, WI,60081,61582,65202,70796,72268,71582
05000US45031,Darlington County, SC,31674,34651,33922,36841,37465,33521
05000US42043,Dauphin County, PA,53816,52975,54232,60331,61622,57814
05000US37057,Davidson County, NC,38803,42201,46150,45678,46802,45320
05000US47037,Davidson County, TN,47150,47993,52026,54855,58490,60856
05000US21059,Daviess County, KY,47252,41685,48791,51764,49507,50934
05000US49011,Davis County, UT,70335,70440,72016,76905,80301,84358
05000US01049,DeKalb County, AL,40876,35023,36559,35963,39373,36998
05000US13089,DeKalb County, GA,49796,50542,54057,56109,61827,64461
05000US17037,DeKalb County, IL,52867,56450,55471,59285,59942,63085
05000US18035,Delaware County, IN,36402,39323,40606,41041,41255,41662
05000US39041,Delaware County, OH,84159,96949,96410,101693,106933,99881
05000US42045,Delaware County, PA,64822,62993,67584,67950,73854,72045
05000US48121,Denton County, TX,74981,74196,75649,80613,86291,88117
05000US08031,Denver County, CO,51089,54941,58003,61105,65224,68377
05000US41017,Deschutes County, OR,46791,52006,57373,61870,66273,67577
05000US28033,DeSoto County, MS,58959,58073,60394,64505,66440,68385
05000US11001,District of Columbia, DC,67572,71648,75628,75506,82372,85203
05000US35013,Doña Ana County, NM,36343,39502,39902,37496,37144,35262
05000US55027,Dodge County, WI,51151,53139,55832,55856,56421,63077
05000US45035,Dorchester County, SC,54582,56277,54521,57637,64148,66438
05000US13095,Dougherty County, GA,30504,31755,35645,37222,38712,39659
05000US08035,Douglas County, CO,102961,103226,107650,109292,111482,119615
05000US13097,Douglas County, GA,50281,54826,59329,62445,61094,60829
05000US20045,Douglas County, KS,52150,48565,52964,56345,55646,54668
05000US31055,Douglas County, NE,51728,52505,58359,58990,61531,64390
05000US41019,Douglas County, OR,40605,42000,41428,42889,47746,47004
05000US19061,Dubuque County, IA,51735,56129,58487,60456,61497,60225
05000US17043,DuPage County, IL,76195,80015,81559,84908,89521,93750
05000US37063,Durham County, NC,52488,50504,53495,53832,59891,58073
05000US36027,Dutchess County, NY,70056,71165,71864,74115,77915,80227
05000US12031,Duval County, FL,47906,45779,49554,51980,52062,55832
05000US22033,East Baton Rouge Parish, LA,48463,46778,50519,50508,55326,52947
05000US26045,Eaton County, MI,53328,57087,56005,56211,64522,67195
05000US55035,Eau Claire County, WI,49204,47043,51667,49821,54963,60475
05000US48135,Ector County, TX,55710,58701,65454,53254,55380,64165
05000US06017,El Dorado County, CA,61365,71113,79019,75772,79414,82742
05000US08041,El Paso County, CO,57098,59446,60109,63882,65370,68119
05000US48141,El Paso County, TX,39945,40170,43692,42165,44489,43958
05000US18039,Elkhart County, IN,45387,49937,49556,54216,58960,58350
05000US48139,Ellis County, TX,57880,60294,68095,70210,72138,77794
05000US01051,Elmore County, AL,50699,55530,52502,52579,60558,60796
05000US36029,Erie County, NY,51245,50132,52214,54246,55604,56369
05000US39043,Erie County, OH,46073,48734,47544,48949,54958,49751
05000US42049,Erie County, PA,44292,45560,47386,48964,50614,48007
05000US12033,Escambia County, FL,42877,46655,46001,44788,48631,51050
05000US25009,Essex County, MA,67522,70366,68455,73901,75480,76604
05000US34013,Essex County, NJ,53610,54754,52041,54277,60430,63368
05000US01055,Etowah County, AL,39459,40529,43346,41152,41576,45868
05000US02090,Fairbanks North Star Borough, AK,69113,69820,72975,77328,76747,75448
05000US51059,Fairfax County, VA,111079,110674,113208,115717,118279,122227
05000US09001,Fairfield County, CT,82084,85925,86414,90123,91198,91079
05000US39045,Fairfield County, OH,56286,59933,61291,65316,67310,67144
05000US05045,Faulkner County, AR,49149,51650,50596,48506,47964,51437
05000US51061,Fauquier County, VA,82823,91987,91940,94347,98585,92145
05000US13113,Fayette County, GA,81394,77016,78557,80626,84742,93468
05000US21067,Fayette County, KY,47535,47968,51948,53178,56137,54896
05000US42051,Fayette County, PA,38903,36562,40495,43140,44184,52984
05000US12035,Flagler County, FL,46055,51622,48864,49395,49652,58963
05000US30029,Flathead County, MT,47802,47362,46899,50142,59735,53193
05000US45041,Florence County, SC,41331,43148,40883,46524,42929,48790
05000US13115,Floyd County, GA,37296,41752,40510,49865,45854,38462
05000US18043,Floyd County, IN,57401,52819,58096,58586,60690,66391
05000US55039,Fond du Lac County, WI,54198,51717,57620,58310,61417,57415
05000US28035,Forrest County, MS,35422,38904,33779,37275,42389,38837
05000US13117,Forsyth County, GA,86052,85639,94537,100909,102084,104687
05000US37067,Forsyth County, NC,45580,45220,46477,48271,50185,49166
05000US48157,Fort Bend County, TX,88023,87973,95389,90680,90845,91931
05000US25011,Franklin County, MA,52339,55572,58613,57106,58824,59248
05000US29071,Franklin County, MO,50502,51682,48694,55359,55290,58209
05000US37069,Franklin County, NC,,,,,54825,60598
05000US39049,Franklin County, OH,51460,53180,53882,56055,59227,60373
05000US42055,Franklin County, PA,54303,49487,57960,60559,60459,61208
05000US53021,Franklin County, WA,56631,57890,59664,57670,64344,60012
05000US24021,Frederick County, MD,84308,84203,83819,90043,92495,95850
05000US51069,Frederick County, VA,69332,66167,71993,69827,72405,80953
05000US06019,Fresno County, CA,43925,43423,46949,48715,51800,52629
05000US13121,Fulton County, GA,55914,55807,60291,63510,65037,70930
05000US30031,Gallatin County, MT,58809,50238,57535,61211,60901,68266
05000US48167,Galveston County, TX,60869,57991,69190,64939,70494,73840
05000US05051,Garland County, AR,39589,41032,37013,42826,46101,42779
05000US37071,Gaston County, NC,41728,41011,44293,48711,49670,52741
05000US39055,Geauga County, OH,66428,72001,75895,76384,82741,82784
05000US26049,Genesee County, MI,41249,41682,44025,43955,46298,48127
05000US34015,Gloucester County, NJ,71355,79704,77565,79879,86496,81849
05000US13127,Glynn County, GA,41502,47333,46125,48926,50998,55196
05000US33009,Grafton County, NH,56370,57210,58183,61520,64420,66358
05000US38035,Grand Forks County, ND,49248,49532,51264,50008,47496,52853
05000US26055,Grand Traverse County, MI,50830,57312,55013,58532,60601,66163
05000US18053,Grant County, IN,38665,39851,38645,37117,44768,44839
05000US53025,Grant County, WA,46728,51949,51667,48335,58644,53057
05000US53027,Grays Harbor County, WA,41315,43356,44122,49623,47445,48255
05000US48181,Grayson County, TX,44378,52058,48126,52095,56718,51158
05000US29077,Greene County, MO,37779,39611,43675,42062,45117,43771
05000US39057,Greene County, OH,59872,58396,59803,62018,67923,67680
05000US47059,Greene County, TN,35981,36694,34768,41109,37920,47383
05000US45045,Greenville County, SC,49330,49268,51908,55342,55914,61183
05000US45047,Greenwood County, SC,34029,37831,43218,38200,40453,42245
05000US48183,Gregg County, TX,45461,50917,47727,44219,47095,51361
05000US48187,Guadalupe County, TX,58270,61538,64343,68157,66486,74459
05000US72061,Guaynabo Municipio, PR,34649,32064,36446,32240,24792,36309
05000US37081,Guilford County, NC,45726,44069,47786,47262,52098,51803
05000US13135,Gwinnett County, GA,58917,59492,61732,67155,68914,72184
05000US13139,Hall County, GA,44998,52519,55009,54917,61977,61699
05000US18057,Hamilton County, IN,81958,88155,90613,89823,93604,100209
05000US39061,Hamilton County, OH,46967,48770,50990,53229,55048,57189
05000US47065,Hamilton County, TN,47415,48379,48580,47898,51302,57280
05000US25013,Hampden County, MA,48845,49211,51514,51544,51726,52372
05000US25015,Hampshire County, MA,65190,56079,60583,64354,67989,76966
05000US51650,Hampton city, VA,43785,47312,51867,50435,54062,55466
05000US18059,Hancock County, IN,65421,67485,69968,67799,70473,71653
05000US39063,Hancock County, OH,46382,50898,54709,52810,51360,60788
05000US51085,Hanover County, VA,77424,83756,82085,83135,90066,91309
05000US21093,Hardin County, KY,48035,50900,49229,52148,51167,50981
05000US24025,Harford County, MD,77765,79649,78050,84175,80476,88603
05000US37085,Harnett County, NC,45533,44880,48960,51637,51479,51022
05000US48201,Harris County, TX,52489,54178,56629,56377,58645,60232
05000US28047,Harrison County, MS,42070,40846,42297,42770,47365,45042
05000US48203,Harrison County, TX,39701,49490,42958,46548,53394,50561
05000US54033,Harrison County, WV,41698,41333,48285,47204,58082,46569
05000US09003,Hartford County, CT,63603,65894,69622,69433,70429,73151
05000US15001,Hawaii County, HI,48399,52788,60033,55750,57545,57571
05000US48209,Hays County, TX,58987,59085,58870,64658,65667,65943
05000US37089,Henderson County, NC,44036,47335,47021,54963,51078,53706
05000US48213,Henderson County, TX,38493,41112,47906,44088,44971,42020
05000US18063,Hendricks County, IN,67535,66989,73050,78307,70991,80582
05000US27053,Hennepin County, MN,64379,64433,68935,71200,74592,76052
05000US51087,Henrico County, VA,59944,62460,66085,66337,67185,68069
05000US13151,Henry County, GA,59097,58242,65342,66905,67018,73541
05000US12053,Hernando County, FL,39193,40255,43590,47253,44892,45977
05000US48215,Hidalgo County, TX,35098,34801,35730,36176,37106,39165
05000US12055,Highlands County, FL,33811,36120,34242,36490,35543,39796
05000US12057,Hillsborough County, FL,49597,50796,51725,54588,54731,58480
05000US33011,Hillsborough County, NH,67574,71422,74323,76254,78769,78978
05000US28049,Hinds County, MS,33719,38543,39002,43657,45658,45459
05000US15003,Honolulu County, HI,73388,74634,77273,80513,81284,84423
05000US45051,Horry County, SC,42075,43001,47541,45621,45680,49047
05000US01069,Houston County, AL,39006,39543,43553,42321,44529,48105
05000US13153,Houston County, GA,49660,51054,55044,62493,58525,58965
05000US18067,Howard County, IN,44265,47159,46793,45702,49346,55868
05000US24027,Howard County, MD,109476,107490,110892,120941,111473,116984
05000US34017,Hudson County, NJ,56079,58479,60530,63808,67154,74414
05000US06023,Humboldt County, CA,42092,40598,40484,43130,46494,50294
05000US48231,Hunt County, TX,44303,42038,46048,53962,55786,55248
05000US34019,Hunterdon County, NJ,110457,103605,102122,113684,112038,111269
05000US22045,Iberia Parish, LA,39793,46290,46365,41424,40019,42994
05000US06025,Imperial County, CA,43310,39290,40852,49095,47211,48984
05000US12061,Indian River County, FL,42401,46238,49379,49072,49177,57508
05000US42063,Indiana County, PA,45266,42431,46990,42962,46237,49448
05000US26065,Ingham County, MI,44569,45616,47082,49139,50896,52691
05000US37097,Iredell County, NC,49488,54384,55949,55891,55690,59341
05000US26073,Isabella County, MI,37488,41931,40838,41868,44100,46198
05000US53029,Island County, WA,51893,59934,60532,64813,59644,64793
05000US13157,Jackson County, GA,,,,,66557,73150
05000US26075,Jackson County, MI,43668,45371,50783,50009,50258,51031
05000US29095,Jackson County, MO,46768,45874,48212,50815,52552,55929
05000US28059,Jackson County, MS,47891,47822,45596,54606,48284,50546
05000US41029,Jackson County, OR,43363,44918,43948,48563,51409,56546
05000US51095,James City County, VA,73632,72622,73968,83455,87910,83190
05000US29097,Jasper County, MO,40967,39886,44314,45786,47981,46617
05000US01073,Jefferson County, AL,45013,44646,48492,50180,50709,55206
05000US05069,Jefferson County, AR,34689,32433,35381,37712,37678,35652
05000US08059,Jefferson County, CO,68201,70714,71136,74186,80616,85890
05000US21111,Jefferson County, KY,47488,48210,51259,51991,55044,55851
05000US29099,Jefferson County, MO,55089,59327,58704,61559,62228,65246
05000US36045,Jefferson County, NY,46683,51086,51107,45624,47101,53146
05000US39081,Jefferson County, OH,37012,40293,44194,44257,43675,40308
05000US48245,Jefferson County, TX,41838,40652,48005,45390,47657,47177
05000US55055,Jefferson County, WI,51235,55675,62399,58703,56675,65651
05000US22051,Jefferson Parish, LA,46576,46961,49576,49678,51494,50766
05000US19103,Johnson County, IA,51606,60254,55913,58064,61011,63035
05000US18081,Johnson County, IN,57245,55201,68744,65991,70339,68209
05000US20091,Johnson County, KS,73737,75679,82892,80553,82855,86746
05000US48251,Johnson County, TX,56253,55739,58758,59895,62482,62390
05000US37101,Johnston County, NC,50492,48851,52234,54719,58111,60132
05000US28067,Jones County, MS,33915,36374,32856,43350,39310,49393
05000US41033,Josephine County, OR,38298,36870,41493,36472,44426,48315
05000US26077,Kalamazoo County, MI,45854,45148,52164,53138,56025,55416
05000US54039,Kanawha County, WV,46325,44186,45028,45001,42197,41141
05000US17089,Kane County, IL,72108,72541,70359,73347,75628,79818
05000US17091,Kankakee County, IL,49761,58378,53850,54911,58539,51404
05000US15007,Kauai County, HI,60155,64847,77140,71344,83860,80921
05000US48257,Kaufman County, TX,65258,56098,58141,62033,65841,66668
05000US17093,Kendall County, IL,74859,90072,85979,90482,91250,89862
05000US23011,Kennebec County, ME,44724,44633,51335,51573,53073,51653
05000US55059,Kenosha County, WI,51013,52787,55845,59417,61073,65330
05000US10001,Kent County, DE,54794,55227,56778,54140,57608,54419
05000US26081,Kent County, MI,51992,53304,54340,59668,61125,61537
05000US44003,Kent County, RI,65631,62261,65931,63101,75143,68994
05000US21117,Kenton County, KY,53761,54300,52043,62182,58595,64441
05000US06029,Kern County, CA,46879,47644,51342,49903,49854,51579
05000US45055,Kershaw County, SC,,,,,50010,51467
05000US53033,King County, WA,71834,75834,81916,86095,89675,95009
05000US06031,Kings County, CA,45774,42784,45746,53234,57555,61663
05000US36047,Kings County, NY,47520,47966,51141,55150,56942,61220
05000US53035,Kitsap County, WA,62672,61794,66090,69171,73026,76945
05000US41035,Klamath County, OR,36885,39148,43952,45604,38916,45354
05000US47093,Knox County, TN,49165,46860,52229,52102,55266,55632
05000US16055,Kootenai County, ID,54919,48776,47860,51765,57219,55236
05000US18085,Kosciusko County, IN,51221,53825,52888,53963,63463,55253
05000US55063,La Crosse County, WI,51551,48872,49933,54823,57033,60905
05000US42069,Lackawanna County, PA,45295,45265,48518,47475,49172,53302
05000US22055,Lafayette Parish, LA,57949,51060,51981,49969,52265,60071
05000US22057,Lafourche Parish, LA,52373,41842,52589,51772,52283,50296
05000US06033,Lake County, CA,37079,34529,37294,42029,48930,48554
05000US12069,Lake County, FL,44026,47191,50305,50226,51383,52096
05000US17097,Lake County, IL,74869,77772,82113,83152,85895,87133
05000US18089,Lake County, IN,48302,50852,50582,53681,54981,55154
05000US39085,Lake County, OH,54906,58721,60810,61870,59618,65835
05000US31109,Lancaster County, NE,52019,51766,53807,58845,59306,57650
05000US42071,Lancaster County, PA,56922,57403,59262,61335,63407,66277
05000US45057,Lancaster County, SC,38500,44412,45676,56216,61914,57224
05000US41039,Lane County, OR,43459,44877,47318,47777,50654,53172
05000US26087,Lapeer County, MI,52960,50860,57762,54309,55866,65561
05000US18091,LaPorte County, IN,46506,45744,45838,53507,50736,51584
05000US56021,Laramie County, WY,61661,57551,60599,62221,61961,64306
05000US08069,Larimer County, CO,59052,56575,64919,66469,69102,71091
05000US17099,LaSalle County, IL,48552,50432,51936,57476,56896,51838
05000US01077,Lauderdale County, AL,43891,40309,42577,43427,45352,49014
05000US28075,Lauderdale County, MS,32217,40333,37676,42364,46983,37971
05000US45059,Laurens County, SC,35406,37638,39474,44038,40377,41452
05000US42073,Lawrence County, PA,43425,45356,42921,46918,49967,47853
05000US35025,Lea County, NM,56191,61351,56260,55636,55952,50871
05000US20103,Leavenworth County, KS,68266,66779,60423,68299,70920,71071
05000US42075,Lebanon County, PA,55973,54068,52571,57248,57372,61362
05000US01081,Lee County, AL,46068,39932,46589,48056,52943,46456
05000US12071,Lee County, FL,46383,49055,50651,52909,53928,56129
05000US28081,Lee County, MS,42882,43204,39581,42235,55886,53062
05000US42077,Lehigh County, PA,54244,58603,56452,60498,60871,62278
05000US26091,Lenawee County, MI,45938,46739,48279,51918,56515,55378
05000US12073,Leon County, FL,46859,44824,46002,51107,51642,50682
05000US30049,Lewis and Clark County, MT,54954,53435,58796,63475,60404,65241
05000US53041,Lewis County, WA,40601,43575,48179,45523,49827,61058
05000US45063,Lexington County, SC,53990,53980,55227,57382,60181,60154
05000US13179,Liberty County, GA,39140,41812,36573,45138,,
05000US48291,Liberty County, TX,41711,44188,55152,42877,45614,51955
05000US39089,Licking County, OH,54875,57654,59883,58685,62883,67784
05000US01083,Limestone County, AL,48639,49672,55009,50872,55817,67000
05000US37109,Lincoln County, NC,49079,48131,46884,49453,54361,63782
05000US19113,Linn County, IA,56151,62984,57073,64639,63149,64103
05000US41043,Linn County, OR,45130,43428,47527,51310,51541,54113
05000US09005,Litchfield County, CT,70981,73756,70667,76993,78436,76043
05000US26093,Livingston County, MI,70707,73819,76455,78038,80733,82884
05000US36051,Livingston County, NY,52061,48456,53441,53121,55931,61609
05000US22063,Livingston Parish, LA,52246,60466,58677,56534,60471,64067
05000US05085,Lonoke County, AR,56635,54545,56893,55837,51835,53782
05000US39093,Lorain County, OH,52687,52082,52373,54504,54932,58613
05000US06037,Los Angeles County, CA,54529,55746,59134,61338,65006,68093
05000US51107,Loudoun County, VA,116848,122294,125003,134464,135842,139915
05000US13185,Lowndes County, GA,35317,38733,34455,41449,41156,34886
05000US48303,Lubbock County, TX,47309,46076,47897,49136,47317,50505
05000US39095,Lucas County, OH,40245,42132,42594,44534,47308,47360
05000US42079,Luzerne County, PA,45190,44311,50301,46580,51332,54433
05000US42081,Lycoming County, PA,47373,45161,51455,49052,50909,55045
05000US51680,Lynchburg city, VA,40477,40594,39374,41264,45239,42389
05000US26099,Macomb County, MI,52851,54792,54640,60143,60380,62107
05000US17115,Macon County, IL,45957,47574,48040,46198,51970,50066
05000US06039,Madera County, CA,39758,42433,47150,51657,51283,56305
05000US01089,Madison County, AL,58076,58339,58636,60503,62312,63111
05000US17119,Madison County, IL,54101,54438,52664,56035,57890,59987
05000US18095,Madison County, IN,40913,45134,45257,45495,43060,49615
05000US21151,Madison County, KY,45316,43973,45383,43840,50893,52047
05000US28089,Madison County, MS,66400,67746,67907,64350,68336,75992
05000US36053,Madison County, NY,52300,51873,60286,60630,57069,59678
05000US47113,Madison County, TN,39523,42412,47801,41791,45013,45360
05000US39099,Mahoning County, OH,40843,41134,41910,42295,43389,47962
05000US12081,Manatee County, FL,48309,52031,50835,51748,55268,59956
05000US55071,Manitowoc County, WI,47181,45136,50302,51752,54785,54393
05000US55073,Marathon County, WI,51635,53300,55687,54774,58173,62890
05000US04013,Maricopa County, AZ,52045,53896,56004,58737,62223,65252
05000US06041,Marin County, CA,96580,95749,100662,103845,113908,126373
05000US12083,Marion County, FL,38695,39958,40050,39383,43910,44576
05000US18097,Marion County, IN,41345,42557,41226,44874,47344,47780
05000US39101,Marion County, OH,41849,39233,40607,42826,44766,43008
05000US41047,Marion County, OR,46873,48620,52047,56550,56354,56341
05000US26103,Marquette County, MI,45011,44267,48259,51275,49008,54779
05000US01095,Marshall County, AL,38116,33446,40525,42362,41476,47528
05000US12085,Martin County, FL,49444,55866,51622,54620,54681,59978
05000US53045,Mason County, WA,,,,,,58094
05000US02170,Matanuska-Susitna Borough, AK,72122,73831,76427,69332,69121,72667
05000US15009,Maui County, HI,65558,67013,70497,72257,80241,82885
05000US47119,Maury County, TN,45712,53990,50707,50591,57258,53794
05000US72097,Mayagüez Municipio, PR,15155,14108,13037,14532,14010,11940
05000US21145,McCracken County, KY,41209,36712,51114,39048,49436,47764
05000US17111,McHenry County, IL,75449,76628,80125,81063,86348,85275
05000US35031,McKinley County, NM,24945,27041,28212,31526,31565,34080
05000US17113,McLean County, IL,61846,58061,65304,62156,68274,66256
05000US48309,McLennan County, TX,40633,43609,46602,46860,47267,48713
05000US37119,Mecklenburg County, NC,54278,58841,56883,62978,65588,63967
05000US39103,Medina County, OH,66477,67969,69989,72618,71360,75786
05000US06045,Mendocino County, CA,42042,42660,41896,43809,53024,51830
05000US06047,Merced County, CA,40687,44084,41997,47739,47735,57745
05000US34021,Mercer County, NJ,70857,74961,72417,77650,79173,80632
05000US42085,Mercer County, PA,44222,43574,47051,49890,46785,48847
05000US33013,Merrimack County, NH,65662,62418,68566,69505,70764,75088
05000US08077,Mesa County, CO,46723,50174,51465,48846,52742,49848
05000US39109,Miami County, OH,51581,51087,49156,60170,60910,58486
05000US12086,Miami-Dade County, FL,41913,42926,43786,45935,49930,52205
05000US09007,Middlesex County, CT,75303,75876,83530,79739,79646,89131
05000US25017,Middlesex County, MA,82425,84464,90267,95249,98555,100517
05000US34023,Middlesex County, NJ,76848,77682,78643,82375,85337,88217
05000US26111,Midland County, MI,49913,49194,59292,57269,61624,56091
05000US48329,Midland County, TX,72050,77711,81064,65349,75590,81210
05000US55079,Milwaukee County, WI,41959,42765,45859,47607,47591,49636
05000US46099,Minnehaha County, SD,52117,54829,54918,60038,61083,58742
05000US30063,Missoula County, MT,48077,44289,42815,46550,54311,56598
05000US01097,Mobile County, AL,42944,43642,42699,45744,46023,43061
05000US04015,Mohave County, AZ,39058,37674,40908,42423,42311,46060
05000US34025,Monmouth County, NJ,83749,88413,87092,90226,98270,99642
05000US54061,Monongalia County, WV,49534,41955,45880,50953,50888,50834
05000US12087,Monroe County, FL,50838,59388,61020,65717,65747,71973
05000US18105,Monroe County, IN,41972,43657,45062,43582,48713,47369
05000US26115,Monroe County, MI,53561,57275,54396,60799,59290,61916
05000US36055,Monroe County, NY,51665,51217,54077,54492,57561,60222
05000US42089,Monroe County, PA,55536,63118,57318,60095,61612,64170
05000US06053,Monterey County, CA,57052,57864,60494,63876,71274,70681
05000US01101,Montgomery County, AL,44675,43346,42477,45395,45724,49989
05000US24031,Montgomery County, MD,98326,97765,98917,99763,103235,108188
05000US39113,Montgomery County, OH,42776,42644,46561,46936,47755,50838
05000US42091,Montgomery County, PA,76919,79495,83254,84113,87304,90122
05000US47125,Montgomery County, TN,51017,50941,48659,56112,58381,56019
05000US48339,Montgomery County, TX,68428,70243,71577,71123,76811,76929
05000US51121,Montgomery County, VA,45679,42052,52151,55706,56462,51932
05000US37125,Moore County, NC,49959,51328,51547,52279,64184,58531
05000US01103,Morgan County, AL,43169,44708,47229,44378,48563,53260
05000US18109,Morgan County, IN,56664,52891,58755,60530,60946,68338
05000US34027,Morris County, NJ,100176,100579,101661,106985,114732,112288
05000US41051,Multnomah County, OR,54024,53660,59231,62629,63974,71186
05000US13215,Muscogee County, GA,40499,42176,41859,40060,42107,47288
05000US26121,Muskegon County, MI,41630,42600,47453,44264,49229,50080
05000US39119,Muskingum County, OH,39212,41230,42815,43422,43113,49602
05000US40101,Muskogee County, OK,39130,42756,41016,40860,36342,45290
05000US48347,Nacogdoches County, TX,35587,39326,39865,35562,47589,46459
05000US06055,Napa County, CA,70914,74123,75513,75077,86562,87025
05000US37127,Nash County, NC,40057,43209,42718,47902,47289,51601
05000US12089,Nassau County, FL,54330,52249,52005,71515,71489,63913
05000US36059,Nassau County, NY,96193,99035,101830,105870,108133,116304
05000US56025,Natrona County, WY,58635,56392,52886,59474,60546,64833
05000US04017,Navajo County, AZ,38400,34600,37833,36998,41295,40463
05000US06057,Nevada County, CA,54851,56917,54177,59022,65385,66299
05000US10003,New Castle County, DE,63109,64801,66256,67274,66647,69479
05000US37129,New Hanover County, NC,48688,49982,52685,50028,52674,52239
05000US09009,New Haven County, CT,58571,60391,61760,66176,66863,67845
05000US09011,New London County, CT,62883,66148,65764,70699,71987,67197
05000US36061,New York County, NY,72190,76089,75575,77559,85071,85066
05000US44005,Newport County, RI,70299,71799,66026,73596,80222,83822
05000US51700,Newport News city, VA,49184,49602,48630,50524,49716,50180
05000US13217,Newton County, GA,54107,46790,50806,48628,57337,57344
05000US36063,Niagara County, NY,46775,49700,48160,50233,54743,55306
05000US51710,Norfolk city, VA,44030,43186,45996,46467,49445,49587
05000US25021,Norfolk County, MA,84317,90506,94039,92696,100829,100356
05000US42095,Northampton County, PA,60482,61879,62436,66438,66066,68591
05000US42097,Northumberland County, PA,41011,39778,44989,47736,44895,47160
05000US48355,Nueces County, TX,49338,51817,50587,54318,52482,54560
05000US26125,Oakland County, MI,67202,69293,69998,71920,77475,80193
05000US34029,Ocean County, NJ,60227,63653,63765,62222,71081,68551
05000US45073,Oconee County, SC,40565,35159,43266,43743,50192,47132
05000US12091,Okaloosa County, FL,55139,57640,55659,60026,61866,63997
05000US40109,Oklahoma County, OK,45810,48183,49693,51078,51323,52214
05000US21185,Oldham County, KY,,,,90341,96576,102033
05000US27109,Olmsted County, MN,65665,69731,69973,72428,77270,75327
05000US36065,Oneida County, NY,43702,48803,48023,52996,53902,54593
05000US36067,Onondaga County, NY,52110,52947,57365,56991,57652,59883
05000US37133,Onslow County, NC,44673,47581,45832,47150,49883,50639
05000US36069,Ontario County, NY,58165,59093,57711,57448,66004,62522
05000US06059,Orange County, CA,74163,76306,78428,81837,86217,89759
05000US12095,Orange County, FL,46716,47055,50720,51335,54107,58588
05000US37135,Orange County, NC,59409,59658,61164,66423,69940,72563
05000US36071,Orange County, NY,68950,70240,73031,73025,79311,75825
05000US48361,Orange County, TX,52728,46809,50429,53480,58863,56420
05000US45075,Orangeburg County, SC,31230,28680,38596,32450,35947,36536
05000US22071,Orleans Parish, LA,36631,35504,39077,38681,36999,38423
05000US12097,Osceola County, FL,41361,42899,45244,51436,49762,50546
05000US36075,Oswego County, NY,46533,47013,49767,53562,53406,54264
05000US35035,Otero County, NM,44102,42603,36142,43646,43887,42591
05000US26139,Ottawa County, MI,57517,60343,61012,64513,68543,69952
05000US22073,Ouachita Parish, LA,40473,41139,36709,37275,40161,44059
05000US55087,Outagamie County, WI,56433,58118,59252,61149,65564,64759
05000US55089,Ozaukee County, WI,70899,72103,79048,84415,82869,81104
05000US12099,Palm Beach County, FL,51804,52203,56664,57580,60057,61691
05000US48367,Parker County, TX,60454,68882,67012,66548,75823,72004
05000US12101,Pasco County, FL,45678,45349,46133,46264,51347,54208
05000US34031,Passaic County, NJ,58898,58804,55954,62016,64233,75259
05000US13223,Paulding County, GA,56307,62453,60214,60856,66482,73084
05000US40119,Payne County, OK,36087,38642,39840,35927,36914,48031
05000US46103,Pennington County, SD,48906,47838,52611,50950,54836,59006
05000US23019,Penobscot County, ME,43598,42242,44173,47328,50349,47217
05000US17143,Peoria County, IL,49391,52352,53837,51975,53843,56138
05000US42101,Philadelphia County, PA,36836,39043,41233,41449,39759,46116
05000US45077,Pickens County, SC,41800,40136,42449,45779,47520,47148
05000US53053,Pierce County, WA,57660,60496,60167,64434,69278,75407
05000US21195,Pike County, KY,34373,31426,33321,,,
05000US04019,Pima County, AZ,43824,45856,47099,47560,51425,53464
05000US04021,Pinal County, AZ,49756,49867,50770,52555,52788,59058
05000US12103,Pinellas County, FL,43703,45152,47618,50036,51512,52198
05000US37147,Pitt County, NC,40639,41632,41453,46573,45849,42481
05000US06061,Placer County, CA,73328,75390,75708,85426,80728,88592
05000US29165,Platte County, MO,63438,69787,70837,77581,74646,80468
05000US25023,Plymouth County, MA,76183,74936,75080,82087,86910,90484
05000US12105,Polk County, FL,42435,42780,44061,46355,48475,51670
05000US19153,Polk County, IA,59328,60978,60176,64067,65995,68291
05000US41053,Polk County, OR,49781,51893,54970,52485,55428,61616
05000US72113,Ponce Municipio, PR,15990,15935,15418,17454,16270,17906
05000US39133,Portage County, OH,52337,51275,52835,49695,59402,64550
05000US55097,Portage County, WI,49872,51399,57244,53655,52247,57452
05000US18127,Porter County, IN,63806,60903,63807,66196,65747,66476
05000US51740,Portsmouth city, VA,43904,44905,49242,48516,50242,47919
05000US40125,Pottawatomie County, OK,45012,46839,43317,41716,48744,48776
05000US19155,Pottawattamie County, IA,50557,52239,53117,55972,58633,55376
05000US48375,Potter County, TX,37823,38324,40536,42305,45312,40797
05000US24033,Prince George's County, MD,72052,72290,76741,79184,81240,83034
05000US51153,Prince William County, VA,95268,92104,99766,97986,100845,107925
05000US44007,Providence County, RI,48159,47481,50565,52369,56672,56461
05000US08101,Pueblo County, CO,41218,41047,40050,44677,43148,48468
05000US05119,Pulaski County, AR,46368,44860,46070,47387,52450,49613
05000US12107,Putnam County, FL,32295,30765,31483,38239,33790,41608
05000US36079,Putnam County, NY,93746,97483,90538,96992,99479,102525
05000US47141,Putnam County, TN,31448,35516,40623,37437,39647,45199
05000US36081,Queens County, NY,56599,57241,60422,62207,64509,69320
05000US55101,Racine County, WI,54209,54525,57232,55706,60897,59759
05000US54081,Raleigh County, WV,40178,40561,37262,45863,42121,39122
05000US27123,Ramsey County, MN,56734,55101,57384,60369,61962,62919
05000US48381,Randall County, TX,60801,65749,61984,67015,62098,70108
05000US37151,Randolph County, NC,40109,41107,42347,44836,43154,47653
05000US28121,Rankin County, MS,55209,58755,57500,62332,66054,66480
05000US22079,Rapides Parish, LA,39331,40434,43222,42582,41646,49175
05000US36083,Rensselaer County, NY,57438,61457,60810,65965,64050,71648
05000US27131,Rice County, MN,58584,60527,57323,69135,64014,65839
05000US39139,Richland County, OH,39455,41548,45155,44073,46032,49564
05000US45079,Richland County, SC,47491,50028,51301,52030,51946,52159
05000US51760,Richmond city, VA,39193,43054,39906,42373,46261,48987
05000US13245,Richmond County, GA,35649,35793,41672,41419,37324,39413
05000US36085,Richmond County, NY,69633,71121,71622,77197,79201,82166
05000US20161,Riley County, KS,43778,44825,46677,50737,50067,44697
05000US06065,Riverside County, CA,54095,57006,58292,60134,63944,66964
05000US51770,Roanoke city, VA,36651,41697,39835,37044,43799,42711
05000US51161,Roanoke County, VA,56400,62091,63210,60454,64287,68595
05000US47147,Robertson County, TN,50510,51883,53204,60423,60474,69079
05000US37155,Robeson County, NC,29542,29889,31558,34254,32729,35037
05000US55105,Rock County, WI,47118,50610,53777,50729,55304,57037
05000US17161,Rock Island County, IL,48159,47751,50542,50948,51711,52148
05000US13247,Rockdale County, GA,49767,46524,50761,56820,62429,61222
05000US37157,Rockingham County, NC,41335,38878,38241,40985,48196,40688
05000US33015,Rockingham County, NH,74782,79922,87960,81726,89451,95160
05000US51165,Rockingham County, VA,56074,56112,51979,57755,59493,61199
05000US36087,Rockland County, NY,80942,85037,85392,85515,88726,89812
05000US48397,Rockwall County, TX,93054,80407,90940,95731,94848,100595
05000US40131,Rogers County, OK,54425,55626,63041,62434,60735,60148
05000US39141,Ross County, OH,40493,40764,44907,46422,50713,46769
05000US37159,Rowan County, NC,41154,45978,45320,48379,47396,46035
05000US37161,Rutherford County, NC,34993,34347,35594,36121,40570,43111
05000US47149,Rutherford County, TN,57174,52502,60043,61157,68514,63739
05000US06067,Sacramento County, CA,52936,55842,58942,59780,63045,69767
05000US26145,Saginaw County, MI,41548,44931,43383,45849,45331,48990
05000US34033,Salem County, NJ,61943,57377,68830,53662,61250,65733
05000US05125,Saline County, AR,53107,53926,55051,64932,59633,63084
05000US49035,Salt Lake County, UT,61775,62672,65694,68665,71471,73801
05000US06071,San Bernardino County, CA,52323,52041,53803,56337,60420,63857
05000US06073,San Diego County, CA,61426,66192,67320,70824,76207,79079
05000US06075,San Francisco County, CA,77485,85070,92094,103801,110816,112376
05000US06077,San Joaquin County, CA,51432,51659,53705,59518,61164,64119
05000US35045,San Juan County, NM,43787,48773,49613,52003,45942,44841
05000US72127,San Juan Municipio, PR,21309,20234,18933,22727,21912,23012
05000US06079,San Luis Obispo County, CA,58158,63474,62648,70564,71880,71148
05000US06081,San Mateo County, CA,91322,101051,101272,108627,116653,124425
05000US48409,San Patricio County, TX,46425,53877,54966,53348,51012,55018
05000US35043,Sandoval County, NM,55825,55398,63598,57158,54296,54338
05000US17167,Sangamon County, IL,55317,55103,57576,53782,61542,61997
05000US06083,Santa Barbara County, CA,62421,63833,63625,67436,71106,77472
05000US06085,Santa Clara County, CA,92014,97532,102340,111069,119035,126606
05000US06087,Santa Cruz County, CA,68438,65368,65139,77613,79705,86941
05000US35049,Santa Fe County, NM,51833,52809,55676,57863,58821,60193
05000US12113,Santa Rosa County, FL,54843,60317,59682,63619,66059,70787
05000US12115,Sarasota County, FL,48263,52109,56286,54989,58400,61683
05000US36091,Saratoga County, NY,70673,72354,75761,76097,83726,83765
05000US31153,Sarpy County, NE,65706,73775,73518,73569,80694,77941
05000US36093,Schenectady County, NY,54293,57587,61108,58331,62514,64847
05000US42107,Schuylkill County, PA,41114,43044,45810,50684,49559,48458
05000US39145,Scioto County, OH,37351,38233,35833,39210,43367,37257
05000US19163,Scott County, IA,53884,54679,57831,54730,58129,58175
05000US27139,Scott County, MN,83173,92107,92506,88765,98538,100963
05000US05131,Sebastian County, AR,41056,38418,40448,42053,41917,46826
05000US20173,Sedgwick County, KS,48361,50996,50840,52193,53923,55882
05000US12117,Seminole County, FL,55058,56322,57074,61311,64049,67470
05000US47155,Sevier County, TN,40715,39175,42107,45609,49963,47411
05000US06089,Shasta County, CA,40332,43706,46693,46724,52439,56280
05000US20177,Shawnee County, KS,50150,53507,51123,55710,57095,52104
05000US55117,Sheboygan County, WI,50678,54042,57047,54059,58361,60896
05000US01117,Shelby County, AL,67800,67754,70192,73647,73031,71230
05000US47157,Shelby County, TN,45226,43938,47083,47690,49647,47500
05000US27141,Sherburne County, MN,76036,77532,80088,83675,87756,80643
05000US26155,Shiawassee County, MI,41892,48523,51839,53244,53361,54456
05000US53057,Skagit County, WA,52448,50558,57122,60983,66066,73206
05000US48423,Smith County, TX,47745,43958,49060,52572,54339,58226
05000US53061,Snohomish County, WA,67394,71984,76251,78716,82595,87440
05000US06095,Solano County, CA,63520,67999,67443,73900,77133,84395
05000US34035,Somerset County, NJ,97219,100301,98440,104478,112153,121378
05000US42111,Somerset County, PA,43429,46217,43660,43871,48846,50988
05000US06097,Sonoma County, CA,61029,67771,66674,73929,80409,81395
05000US13255,Spalding County, GA,,,,,47027,42920
05000US45083,Spartanburg County, SC,42103,43688,45125,47371,50985,53581
05000US53063,Spokane County, WA,47576,50249,48525,53043,53360,59783
05000US51177,Spotsylvania County, VA,71901,75686,75535,81146,86491,88431
05000US29183,St. Charles County, MO,70137,73989,73116,80644,81594,81663
05000US01115,St. Clair County, AL,53803,50146,54484,60158,50934,56602
05000US17163,St. Clair County, IL,48136,50428,50347,50267,51670,59141
05000US26147,St. Clair County, MI,50285,50319,51127,51864,57362,56441
05000US55109,St. Croix County, WI,67502,76024,71449,72865,80512,81453
05000US29187,St. Francois County, MO,37349,41713,42863,45431,39288,46796
05000US12109,St. Johns County, FL,64862,65976,70379,78581,73836,80712
05000US18141,St. Joseph County, IN,40528,46254,46552,48358,52106,54434
05000US22097,St. Landry Parish, LA,31955,27753,30286,31207,34462,32867
05000US36089,St. Lawrence County, NY,45157,43758,42144,51592,50325,49681
05000US29510,St. Louis city, MO,34488,35959,38397,40346,41441,43889
05000US27137,St. Louis County, MN,45895,50040,50124,49825,52890,53550
05000US29189,St. Louis County, MO,59290,59993,61516,62572,64784,66778
05000US12111,St. Lucie County, FL,42504,42359,45905,44804,50062,54098
05000US24037,St. Mary's County, MD,78233,86417,85163,78195,81495,92250
05000US22103,St. Tammany Parish, LA,61280,63210,63180,64639,67396,65392
05000US51179,Stafford County, VA,93454,93422,95882,97484,112795,110307
05000US06099,Stanislaus County, CA,47962,51084,52363,54305,59514,60321
05000US39151,Stark County, OH,44979,47713,48819,50994,50984,52068
05000US27145,Stearns County, MN,57763,56040,55030,57728,63271,60669
05000US36101,Steuben County, NY,47046,46889,47146,50575,50930,55569
05000US19169,Story County, IA,50279,46091,50811,53371,60351,54586
05000US33017,Strafford County, NH,60692,58976,61563,71295,71057,71528
05000US51800,Suffolk city, VA,60637,62079,61203,66669,70277,71829
05000US25025,Suffolk County, MA,54747,54585,56771,61796,66459,69985
05000US36103,Suffolk County, NY,85439,86266,88340,92933,94750,100468
05000US36105,Sullivan County, NY,47805,53219,51761,50652,55309,52274
05000US47163,Sullivan County, TN,40148,38251,42012,42859,44909,44652
05000US39153,Summit County, OH,49232,50365,51309,52036,55419,58876
05000US47165,Sumner County, TN,55917,58316,59753,60503,65014,65948
05000US12119,Sumter County, FL,52891,50942,51335,54562,54057,53895
05000US45085,Sumter County, SC,39780,36633,41169,40614,45585,45994
05000US37171,Surry County, NC,35579,36511,37337,36802,42438,48398
05000US10005,Sussex County, DE,50629,55011,55065,57734,61985,60277
05000US34037,Sussex County, NJ,88407,82075,85086,87829,90026,92818
05000US06101,Sutter County, CA,49139,54433,52277,51397,55062,59121
05000US01121,Talladega County, AL,37719,39971,34451,39393,39731,40315
05000US22105,Tangipahoa Parish, LA,44166,40689,42962,48162,44861,48205
05000US48439,Tarrant County, TX,56895,58099,60737,61534,65052,66063
05000US48441,Taylor County, TX,44447,45907,48636,48803,51894,47508
05000US17179,Tazewell County, IL,56656,60801,57020,60152,60306,60857
05000US22109,Terrebonne Parish, LA,55148,46678,41786,46026,42857,52820
05000US53067,Thurston County, WA,59785,61609,62137,65783,71765,72703
05000US18157,Tippecanoe County, IN,47731,45771,50224,51361,52183,50256
05000US72135,Toa Alta Municipio, PR,29170,29341,32618,26171,24223,26358
05000US72137,Toa Baja Municipio, PR,24523,22166,23392,23560,25487,25504
05000US09013,Tolland County, CT,72954,78786,82168,81252,72117,91646
05000US48451,Tom Green County, TX,45968,44959,48114,48696,51114,52283
05000US36109,Tompkins County, NY,48516,52885,58084,56349,56672,57276
05000US49045,Tooele County, UT,,,,,72386,72906
05000US48453,Travis County, TX,60464,61787,65269,70158,72884,76392
05000US13285,Troup County, GA,43642,40486,39067,42371,38977,44260
05000US72139,Trujillo Alto Municipio, PR,30015,25972,30338,33122,31322,31078
05000US39155,Trumbull County, OH,41798,43039,42368,45552,46201,46196
05000US06107,Tulare County, CA,39422,42611,42413,45881,46266,48817
05000US40143,Tulsa County, OK,47949,50460,51287,51325,52441,55638
05000US01125,Tuscaloosa County, AL,46538,47531,49067,47787,52313,54459
05000US39157,Tuscarawas County, OH,44130,46253,47331,50440,51386,49658
05000US16083,Twin Falls County, ID,47403,43624,45499,51210,51589,51196
05000US36111,Ulster County, NY,58429,58093,59758,62790,63621,63889
05000US41059,Umatilla County, OR,48514,44402,49472,50171,52288,56842
05000US37179,Union County, NC,63355,62898,71729,71588,77691,80337
05000US34039,Union County, NJ,64593,69032,71163,72028,77326,82186
05000US49049,Utah County, UT,60172,60944,65487,69799,70417,75349
05000US35061,Valencia County, NM,40075,37628,42092,43700,47409,46493
05000US26159,Van Buren County, MI,45081,47435,48034,47917,52971,59295
05000US18163,Vanderburgh County, IN,41102,42044,42564,46064,46681,50325
05000US06111,Ventura County, CA,77363,75449,80032,80135,82857,84566
05000US17183,Vermilion County, IL,45089,41690,45098,45481,42345,43655
05000US48469,Victoria County, TX,52304,50245,56545,53778,51892,50210
05000US18167,Vigo County, IN,37930,41385,38632,43910,41125,48961
05000US51810,Virginia Beach city, VA,62855,68816,67281,71117,72586,77059
05000US12127,Volusia County, FL,40919,40818,42175,45366,46901,50361
05000US40145,Wagoner County, OK,52108,59170,57319,62041,57823,62421
05000US37183,Wake County, NC,65160,66634,70533,76097,77318,79970
05000US01127,Walker County, AL,34810,35495,35056,39068,41973,47602
05000US13295,Walker County, GA,42018,38493,44358,39209,45410,42609
05000US48471,Walker County, TX,38369,38483,40448,42662,40936,40100
05000US12131,Walton County, FL,,,,56246,51620,62914
05000US13297,Walton County, GA,53233,50895,57278,53202,54867,66640
05000US55127,Walworth County, WI,52057,52277,58537,58302,60178,63800
05000US38101,Ward County, ND,57679,66570,62631,62573,64742,65719
05000US21227,Warren County, KY,48783,50752,44679,46686,48962,53601
05000US34041,Warren County, NJ,67208,71444,71277,74867,80657,77452
05000US36113,Warren County, NY,55593,57294,57541,58061,60541,56482
05000US39165,Warren County, OH,73432,71731,81017,80207,84130,86473
05000US05143,Washington County, AR,42073,45034,46160,45679,50169,50342
05000US24043,Washington County, MD,57615,55471,55979,54250,60385,63126
05000US27163,Washington County, MN,80748,83545,87995,90256,91866,95124
05000US41067,Washington County, OR,63238,66136,70447,75634,80946,83068
05000US42125,Washington County, PA,55124,56047,58085,57998,60551,63251
05000US44009,Washington County, RI,70433,71229,72453,77813,79374,89847
05000US47179,Washington County, TN,41349,42950,45484,46276,40697,48765
05000US49053,Washington County, UT,51063,49981,54913,55056,54842,56333
05000US55131,Washington County, WI,66391,68424,69713,73502,75453,73435
05000US32031,Washoe County, NV,53588,52618,56382,58175,61498,63310
05000US26161,Washtenaw County, MI,59660,62845,61977,65601,70286,71860
05000US55133,Waukesha County, WI,75368,76053,77761,81878,82248,86968
05000US18177,Wayne County, IN,34745,41204,42160,43401,45017,44928
05000US26163,Wayne County, MI,40487,41435,41557,43464,45135,46390
05000US37191,Wayne County, NC,42193,35966,40361,41711,44347,40791
05000US36117,Wayne County, NY,50242,45951,50561,59538,51326,61515
05000US39169,Wayne County, OH,49849,49988,52760,53434,55899,59111
05000US48479,Webb County, TX,39991,38312,39774,35659,43408,46862
05000US49057,Weber County, UT,53809,59604,59146,63158,62917,68669
05000US08123,Weld County, CO,58611,62083,70256,63400,68884,75938
05000US36119,Westchester County, NY,84220,83477,86108,89709,90578,94811
05000US42129,Westmoreland County, PA,51531,53844,53540,56722,60713,58471
05000US53073,Whatcom County, WA,50186,53665,55016,56411,61186,62268
05000US05145,White County, AR,43643,39340,38986,42844,42443,42270
05000US13313,Whitfield County, GA,38126,42069,45894,46399,40717,45028
05000US48485,Wichita County, TX,43525,42996,45416,44769,43295,47373
05000US24045,Wicomico County, MD,48897,53432,54781,50844,54080,57249
05000US37193,Wilkes County, NC,31135,30743,40919,41332,40995,43466
05000US17197,Will County, IL,74397,74828,75992,81438,82196,85818
05000US17199,Williamson County, IL,44418,49153,48736,48409,50408,43568
05000US47187,Williamson County, TN,88759,93337,102881,106054,105622,110700
05000US48491,Williamson County, TX,70911,72453,78311,81818,81719,87454
05000US37195,Wilson County, NC,41095,38774,41204,39036,45960,42769
05000US47189,Wilson County, TN,56278,59685,64476,71153,69959,76756
05000US09015,Windham County, CT,57503,59195,62905,61608,63573,65765
05000US17201,Winnebago County, IL,46946,47121,49578,49749,53337,53345
05000US55139,Winnebago County, WI,49776,52387,52136,56754,56678,56589
05000US48497,Wise County, TX,,,,,58839,69040
05000US39173,Wood County, OH,51680,54402,57027,60166,60382,63695
05000US55141,Wood County, WI,47726,50831,50796,51887,52110,55273
05000US54107,Wood County, WV,41408,42014,39991,48655,44115,43563
05000US19193,Woodbury County, IA,45594,44721,51146,52324,55273,61516
05000US25027,Worcester County, MA,62483,65407,65753,69295,70402,71853
05000US27171,Wright County, MN,71917,77442,76306,74190,79931,88359
05000US20209,Wyandotte County, KS,38412,36637,41800,43129,46310,47285
05000US53077,Yakima County, WA,41917,44648,47223,48965,47402,51555
05000US41071,Yamhill County, OR,58612,52255,51084,61596,64104,60893
05000US04025,Yavapai County, AZ,39895,44255,48105,50420,50041,48148
05000US30111,Yellowstone County, MT,52610,51508,58026,57945,58156,60079
05000US06113,Yolo County, CA,54898,53765,58966,64904,65729,68670
05000US23031,York County, ME,55350,55509,61613,60863,66391,66614
05000US42133,York County, PA,57065,58587,58409,62462,63519,65239
05000US45091,York County, SC,54439,52565,56359,60767,62217,64319
05000US51199,York County, VA,78073,81636,84580,89418,83993,83593
05000US06115,Yuba County, CA,43801,42143,50451,49259,63120,46574
05000US04027,Yuma County, AZ,41666,40008,40539,43518,46798,43403
