ID Geography,Geography,Property Value (2013),Property Value (2014),Property Value (2015),Property Value (2016),Property Value (2017),Property Value (2018),Property Value Moe (2013),Property Value Moe (2014),Property Value Moe (2015),Property Value Moe (2016),Property Value Moe (2017),Property Value Moe (2018)
"05000US72139","Trujillo Alto Municipio, PR",160000,156700,148700,148100,144400,124400,6081,5335,7049.999999999999,9151,9888,12229
"05000US39133","Portage County, OH",142100,149000,165700,150700,156200,166200,6574,6822.999999999999,5553,6469,7625.000000000001,6528
"05000US39119","Muskingum County, OH",96800,111200,116300,125400,112400,120000,8690,8456,7695.000000000001,9218,6042,7575.999999999999
"05000US01003","Baldwin County, AL",167500,180100,177800,189100,199800,193800,6333,10176,9143,7936.999999999999,11318,7437
"05000US39139","Richland County, OH",101400,100400,102600,104100,107900,114600,4679,5600,7230,4713,6216,6789
"05000US39113","Montgomery County, OH",107200,106300,111900,113700,118000,125900,3638,3158,2721,3321,3132,4164
"05000US39109","Miami County, OH",128200,135200,145400,149100,146700,160600,9071,10953,11336,7711,8440,7588.000000000001
"05000US39141","Ross County, OH",106000,106400,117200,118300,122900,142100,8301,10795,8215,7914.999999999999,10190,11443
"05000US01015","Calhoun County, AL",92900,106500,111400,115600,117700,121800,9443,5581,6618,10523,5764,8839
"05000US72137","Toa Baja Municipio, PR",139600,134200,135400,127700,116500,122400,4516,3838.9999999999995,4720,5574,5896,5399
"05000US39103","Medina County, OH",183200,174800,185300,185000,199200,208800,5913,5720,5624,5310,7014.999999999999,7514
"05000US39101","Marion County, OH",96400,95100,91800,88200,98200,110700,11882,13820.000000000001,9303,5068,12131,6407
"05000US01043","Cullman County, AL",117400,109100,128600,133100,123700,127700,14834,16469,11989,15400.000000000001,12152,13062
"05000US39145","Scioto County, OH",90600,93600,89500,100300,101100,99700,7183,5779,9465,11820,13554,12127
"05000US39099","Mahoning County, OH",94600,98000,99600,100700,106200,114700,2997,3725,3982.0000000000004,4656,4254,5111
"05000US39095","Lucas County, OH",99700,107200,106100,115100,116300,117900,3906.0000000000004,4112,3654,4299,3656,3887
"05000US39151","Stark County, OH",121400,124400,126400,129800,132200,137100,3517,3102,3387,3715,3186,3039
"05000US01049","DeKalb County, AL",106800,90500,101000,101600,114500,112000,12366,10225,9249,12178,21598,11395
"05000US72135","Toa Alta Municipio, PR",155800,145500,133800,139100,137700,130900,7796,6517,9040,7907.000000000001,8880,5703
"05000US39093","Lorain County, OH",134000,136800,143800,146400,143600,156900,5029,4351,4715,5601,4778,5021
"05000US39089","Licking County, OH",146100,158600,157400,163400,169400,188900,5849,4176,4466,5576,5767,8481
"05000US01051","Elmore County, AL",142000,150300,159800,171000,158500,166300,13510,9009,7667.999999999999,16594,10012,10622
"05000US39153","Summit County, OH",134700,129300,139200,141900,143500,151900,4200,4130,4089,3628,4635,3825.0000000000004
"05000US39085","Lake County, OH",149200,145200,150900,150900,157700,160600,5607,4862,4307,4013,4863,4368
"05000US39081","Jefferson County, OH",84000,85700,88300,87400,97300,89500,4491,5444,6236,4022.0000000000004,5862,5040
"05000US39155","Trumbull County, OH",96700,98500,99800,106400,105700,105400,6289,3603,4136,4293,5699,6045
"05000US01055","Etowah County, AL",101900,99700,99200,109400,115200,127800,8497,6589,7143,7779,15927,13254
"05000US72127","San Juan Municipio, PR",164400,162200,160400,153900,146100,153500,3420.0000000000004,3646.9999999999995,3361,3440.0000000000004,4096,4133
"05000US39063","Hancock County, OH",122100,128400,141000,145400,133500,152900,6623,11103,11532,10887,14109.999999999998,10824
"05000US39061","Hamilton County, OH",140900,140000,144000,150100,151600,162100,3379.0000000000004,2977,3627.0000000000004,3353,4461,3595
"05000US01069","Houston County, AL",119900,117100,131000,126800,138800,132700,6963,4766,5302,6243,6964.999999999999,6233
"05000US39157","Tuscarawas County, OH",108500,107800,125100,126600,127100,141100,5123,6225,7612.999999999999,9955,7914,13913
"05000US39057","Greene County, OH",157500,159000,160000,168500,170900,183800,6472,5824,4357,4494,6994.999999999999,7151.999999999999
"05000US39055","Geauga County, OH",219700,211400,218300,228300,259200,245700,11342,12161,12097,10695,9499,13426
"05000US39165","Warren County, OH",187100,188700,206000,216700,213500,237500,10779,8862,9842,9385,10172,7946
"05000US01073","Jefferson County, AL",143300,142500,155000,152000,160200,166900,4786,5694,4907,4068.0000000000004,5678,5871
"05000US72113","Ponce Municipio, PR",100800,105800,95400,96100,99800,101200,4068.0000000000004,4660,2250,2058,5188,3671.9999999999995
"05000US39049","Franklin County, OH",146300,153000,158400,162300,172600,186500,2868,2625,2877,3509.9999999999995,2989,4617
"05000US39045","Fairfield County, OH",155600,163000,167900,173500,186200,192300,5638,4830,5870,5876,8128.999999999999,9394
"05000US01077","Lauderdale County, AL",118600,114000,125300,139400,144800,157800,6407,7745.000000000001,10835,11551,15778,9079
"05000US39169","Wayne County, OH",130700,139900,138700,139600,149600,155800,6279,6473,5425,4508,6656,4949
"05000US39043","Erie County, OH",123600,128100,136300,123900,152100,139700,8846,7076,9455,7828,7593.000000000001,7560
"05000US39041","Delaware County, OH",246200,263700,285300,296200,300200,320000,8414,10101,9059,9717,9172,8796
"05000US39173","Wood County, OH",147300,147500,156700,160200,172900,167400,8097,8066.999999999999,5044,5353,9040,9477
"05000US01081","Lee County, AL",138100,156000,169000,163400,160700,182700,9585,9896,8774,9987,10101,9943
"05000US72097","Mayagüez Municipio, PR",100700,104500,96800,104500,97200,94000,11043,9499,8868,5726,9319,5862
"05000US39035","Cuyahoga County, OH",118800,120700,124400,126700,131700,139100,2038,1992,2154,2227,2233,2887
"05000US39029","Columbiana County, OH",94400,99800,109400,110000,102000,102900,6801,8183,6500,6927.999999999999,8250,6173
"05000US01083","Limestone County, AL",136600,143100,152600,151500,158500,164800,10675,8749,11893,12340,11681,9041
"05000US40017","Canadian County, OK",142300,146700,156000,163100,166600,163800,4981,4447,6426,5172,4175,5292
"05000US39025","Clermont County, OH",154700,153600,164700,169600,161500,171100,6200,6141,4725,6400,4693,4667
"05000US39023","Clark County, OH",102300,100800,102100,109500,121000,119200,4823,4785,5586,5198,5666,5770
"05000US40027","Cleveland County, OK",149400,147900,155800,163300,162800,169800,4768,4147,4450,4440,4607,5038
"05000US01089","Madison County, AL",162300,171600,177700,178200,182400,192500,5422,6361,7181.999999999999,8024.000000000001,6849,6885.000000000001
"05000US72061","Guaynabo Municipio, PR",210500,172400,199700,174800,183200,164000,15913.000000000001,9367,15030,21836,19688,6927
"05000US39017","Butler County, OH",157800,154300,164800,168400,167800,181300,3857,4101,3928,3406,4232,6169
"05000US39013","Belmont County, OH",85400,92300,92600,99500,115200,98500,6998,7701,7804,5289,9684,5287
"05000US01095","Marshall County, AL",117100,106400,122800,121700,121600,136200,9115,9049,10726,9939,9772,13471
"05000US40031","Comanche County, OK",112200,120300,121100,129400,139900,116400,10129,7478.000000000001,9375,10038,12201,6607
"05000US39009","Athens County, OH",,,124500,108400,154400,118400,,,14624,15789.000000000001,17136,35319
"05000US39007","Ashtabula County, OH",103900,100800,107300,111400,113400,112700,7079,8369,5930,8160,7607,6767
"05000US39003","Allen County, OH",111200,98800,113500,112000,121500,118600,6850.000000000001,4685,6455,7338.999999999999,6683,6376
"05000US01097","Mobile County, AL",121200,120700,120500,126800,131200,131700,4669,3640,4583,4312,5113,5138
"05000US72031","Carolina Municipio, PR",153000,152300,148600,142600,134400,140200,4239,3899,4375,4787,4406,5356
"05000US40037","Creek County, OK",106300,102000,109600,113700,135000,126800,7480,4988,6989.999999999999,7749,6467,8533
"05000US38101","Ward County, ND",214800,206800,216600,214800,206600,204400,18051,17715,16897,9998,13526.999999999998,12790
"05000US01101","Montgomery County, AL",119000,125400,122100,126000,128200,134800,3478,7582,5939,6989.999999999999,7642,7930
"05000US38035","Grand Forks County, ND",162400,154300,191900,199000,205100,208200,6289,9126,10484,14631,11505,15522
"05000US40101","Muskogee County, OK",97200,89500,97800,105200,107000,113100,6419,5122,6427,7039,8583,9446
"05000US38017","Cass County, ND",170600,179600,200500,203100,224800,230300,8327,9550,11995,10072,11930,8178
"05000US38015","Burleigh County, ND",207400,219500,245000,249700,266000,272400,11808,10598,11974,13139,12599,9524
"05000US01103","Morgan County, AL",123600,120900,132000,123500,143000,139700,9976,7645.000000000001,9137,10168,11256,10952
"05000US72025","Caguas Municipio, PR",138000,140600,131500,132300,119000,128200,4140,4588,4416,5825,5257,7907.000000000001
"05000US40109","Oklahoma County, OK",133100,136000,142200,149700,152300,156800,2895,3457,2956,2986,3345,3592.0000000000004
"05000US37195","Wilson County, NC",113900,124300,116500,121100,123300,121800,11737,8829,9966,9839,10985,10642
"05000US01115","St. Clair County, AL",129300,128500,153000,155800,145300,172000,11836,10980,6087,8786,10458,12318
"05000US37193","Wilkes County, NC",102400,115700,126000,130400,135400,109000,10021,10142,12552,15882,8036.999999999999,13329
"05000US40119","Payne County, OK",145300,136900,155000,156600,156400,162900,9701,7505.999999999999,10156,16250,12366,7813
"05000US37191","Wayne County, NC",117700,105700,119600,127800,117600,132700,8461,12182,11017,10565,11090,9439
"05000US37183","Wake County, NC",224100,237400,252500,268400,276000,301900,4697,4750,5426,5619,5623,5619
"05000US01117","Shelby County, AL",192700,191700,197300,199200,207300,217900,8004.000000000001,9337,6986,8054.000000000001,7492,5290
"05000US72021","Bayamón Municipio, PR",146600,140100,139200,134900,127700,128100,4111,3380,3163,2840,4993,3544
"05000US40125","Pottawatomie County, OK",94200,113600,105000,117500,118900,126400,5154,5825,9491,7856,7956.999999999999,10908
"05000US37179","Union County, NC",191100,209700,216800,223300,232300,269900,11467,11635,10383,8607,9036,10621
"05000US01121","Talladega County, AL",93800,92800,99100,95200,103200,115800,8666,16532,8701,14024.999999999998,16015,16033.999999999998
"05000US37171","Surry County, NC",122000,116400,125200,118100,125300,123100,9485,8629,8895,9017,10793,10413
"05000US40131","Rogers County, OK",136200,145500,156700,158200,157500,166700,5701,5911,5642,7276,5180,5684
"05000US37161","Rutherford County, NC",104600,98600,102700,115100,124500,123100,12107,14393.999999999998,13090,17748,14295,10115
"05000US37159","Rowan County, NC",136000,130400,121500,131100,130000,137000,10171,10404,7206.999999999999,11217,7792.000000000001,7734
"05000US01125","Tuscaloosa County, AL",152100,154800,164700,168300,167400,173800,6984.999999999999,7651,5426,5921,8210,8303
"05000US72013","Arecibo Municipio, PR",87000,105300,93800,96700,97800,95900,7877.000000000001,7594,5100,3045,6862,3853.9999999999995
"05000US40143","Tulsa County, OK",136100,140000,147900,150100,155600,160800,3264,2228,2903,2398,2831,2443
"05000US37157","Rockingham County, NC",106700,110400,109000,109100,118800,114100,6875.000000000001,6582,9451,9257,8343,6531
"05000US01127","Walker County, AL",82400,78900,90500,89100,104100,109900,6213,10411,12719,12139,14166,20434
"05000US37155","Robeson County, NC",63600,71600,78000,74200,77100,78900,4408,3413.9999999999995,4581,3295,5749,3508
"05000US40145","Wagoner County, OK",143700,141600,152100,157600,160600,164700,6861,5912,4832,4989,4905,6022
"05000US37151","Randolph County, NC",120200,110800,121500,116800,124700,128800,7916,7126,7216,5277,7226,7209.000000000001
"05000US37147","Pitt County, NC",134200,126400,138200,138400,150800,146300,9592,10229,9153,15186.999999999998,9104,7705.000000000001
"05000US02020","Anchorage Municipality, AK",295500,289400,302500,320800,320000,321300,8152,7305,10833,9363,8181.000000000001,7904.999999999999
"05000US56025","Natrona County, WY",187800,206600,206400,208800,206200,211000,8704,12733,14448.999999999998,13205,15206.000000000001,14257
"05000US41003","Benton County, OR",276300,265800,275800,312400,351100,356600,12619,10510,13333,14224.000000000001,17799,16930
"05000US37135","Orange County, NC",270700,281400,278200,304000,279700,327300,19981,18079,16405,21075,27296,18965
"05000US02090","Fairbanks North Star Borough, AK",218200,237400,229300,226900,239000,259500,21623,25375,10257,13269,25603,12658
"05000US37133","Onslow County, NC",157000,156800,147400,151500,158600,154900,6844,6537,6221,6474,6378,8217
"05000US41005","Clackamas County, OR",294800,302300,336200,374900,404200,439100,8561,8178,6616,5289,10137,9796
"05000US37129","New Hanover County, NC",204500,228200,230000,229500,242600,248300,11545,10648,9957,10921,10772,8941
"05000US37127","Nash County, NC",110500,117200,118200,130400,131700,131700,11469,9583,10814,7594,11245,18929
"05000US02170","Matanuska-Susitna Borough, AK",220700,227000,236100,244500,254000,251800,6275,6632,6108,7979.000000000001,8364,8537
"05000US56021","Laramie County, WY",197800,201200,204500,210200,217500,246500,9761,11666,10777,15085,11007,11354
"05000US41017","Deschutes County, OR",240000,257200,312600,317500,368600,408500,16955,18488,18751,17479,16477,16808
"05000US37125","Moore County, NC",214300,191100,204900,217600,233800,222300,15100,24927,19310,15624.000000000001,23083,13010
"05000US04001","Apache County, AZ",93900,82900,58400,72800,49400,52300,5283,7047.000000000001,7714,3127,5257,3784.0000000000004
"05000US37119","Mecklenburg County, NC",176600,189900,203700,221400,234100,253000,5073,3764.0000000000004,5615,4565,5190,5975
"05000US41019","Douglas County, OR",163800,171200,170400,183400,200600,216400,7248,7601,6565,12225,15415.000000000001,11679
"05000US37109","Lincoln County, NC",156100,148800,152300,159200,168200,180700,13903,13336,10545,13817,9792,14939
"05000US37101","Johnston County, NC",145300,144300,147400,152700,159300,171300,7358.999999999999,8292,7475,5799,6201,8837
"05000US04003","Cochise County, AZ",150000,144800,146900,130100,155600,142200,10055,8832,9607,10544,9308,9060
"05000US55141","Wood County, WI",120800,124600,127600,134400,135500,129400,6849,7388,8152,5867,6680,6384
"05000US41029","Jackson County, OR",199800,222900,243500,259900,291600,293600,9421,10325,11769,10502,12713,12974
"05000US37097","Iredell County, NC",168700,166900,169400,182900,185000,200000,9232,5700,6210,11489,11244,10719
"05000US04005","Coconino County, AZ",204800,227500,228600,272000,277400,293800,18237,22240,15946,21020,24817,17432
"05000US37089","Henderson County, NC",181300,180900,191800,201700,211400,227900,12325,11637,9707,10925,12330,11620
"05000US41033","Josephine County, OR",205800,213100,232700,251000,278000,281200,18772,19894,14233,15352,14102,20465
"05000US37085","Harnett County, NC",138700,137400,143900,153600,150700,155400,8163.999999999999,10034,8492,7986.999999999999,9663,7784.999999999999
"05000US37081","Guilford County, NC",159200,154700,160700,160900,164500,170300,3911.0000000000004,4344,4972,4234,4134,5412
"05000US04013","Maricopa County, AZ",185000,206300,228300,239300,256500,276800,2331,2488,2369,2268,2762,2262
"05000US55139","Winnebago County, WI",143400,142300,144200,146300,157800,149200,5418,4358,4610,3899.9999999999995,4771,5561
"05000US41035","Klamath County, OR",144400,152000,150900,155500,179300,169500,11408,11253,13458,11884,14395,13334
"05000US37071","Gaston County, NC",122400,127500,128000,136400,141400,153700,5231,6222,4332,5640,5776,4949
"05000US04015","Mohave County, AZ",123900,120200,139400,148700,157100,189300,8466,8462,10963,7809,8593,16120
"05000US37069","Franklin County, NC",,,,,158100,132800,,,,,10276,15073
"05000US37067","Forsyth County, NC",149700,144900,151600,153200,156500,163200,4654,4110,3891.0000000000004,4512,3737,4119
"05000US41039","Lane County, OR",206700,214700,235800,243500,258300,281200,6816,5923,5675,7072.000000000001,6658,6210
"05000US37063","Durham County, NC",179000,181900,195200,194800,227200,233300,8810,8183.999999999999,7151.999999999999,7955,8742,7365
"05000US04017","Navajo County, AZ",98500,104400,120900,98700,138900,124600,7928,7076,10339,10153,10617,19324
"05000US55133","Waukesha County, WI",246200,251700,261400,273000,279200,290500,4170,4470,4532,4354,4414,3944.9999999999995
"05000US37057","Davidson County, NC",133300,130800,134400,131800,140000,151100,8423,8618,5199,8028,7632,8675
"05000US41043","Linn County, OR",173800,167400,176300,190700,216100,254300,7649,7024.999999999999,9832,10173,12670,12013
"05000US04019","Pima County, AZ",155300,158400,165900,170300,182300,198100,3484,2632,2540,2950,3551.0000000000004,3811
"05000US37051","Cumberland County, NC",130800,124100,128600,134300,136500,138700,6629,4151,7612.999999999999,5031,5019,5923
"05000US37049","Craven County, NC",152000,152000,156900,158600,159600,168300,9539,9321,8561,8315,7320,13281
"05000US41047","Marion County, OR",179600,182900,200400,224300,239100,270200,4619,6944,7635.000000000001,5370,5984,7555
"05000US37045","Cleveland County, NC",98800,99400,112500,121800,112500,125800,6052,6874,8359,6646,5112,11820
"05000US04021","Pinal County, AZ",135100,145900,156500,166300,179900,200200,4338,5083,4785,5247,4459,6040
"05000US55131","Washington County, WI",212600,205100,219100,223100,232300,241500,6969,9202,8380,6430,7156.999999999999,7697
"05000US37037","Chatham County, NC",237200,234100,220400,295800,277400,319400,27673,17934,25871,21484,21052,29295.999999999996
"05000US41051","Multnomah County, OR",274700,290400,321700,367700,393900,422900,6019,5968,6575,6081,7101,8211
"05000US04025","Yavapai County, AZ",173500,192700,216300,227500,260900,261700,8460,11500,9430,12368,9886,10760
"05000US37035","Catawba County, NC",142500,136700,128400,145600,143200,154400,7612,5923,6476,7403.999999999999,8783,7746
"05000US37031","Carteret County, NC",189600,194500,199800,218500,204500,218500,12201,9484,12812,16627,16944,13299
"05000US41053","Polk County, OR",192000,220100,216100,241300,254500,284400,10083,16748,10706,12747,14699,12453
"05000US37027","Caldwell County, NC",105600,115700,106800,110500,119800,122500,8270,7965,9410,6802.999999999999,8908,11568
"05000US04027","Yuma County, AZ",108800,108900,119400,123300,132500,140600,6577,5291,4108,5254,6463,6487
"05000US55127","Walworth County, WI",185700,193300,188700,195700,203500,205000,7084.999999999999,6275,5892,8832,11339,8566
"05000US37025","Cabarrus County, NC",168400,169800,170600,199200,208000,219700,7432,7261,7368.999999999999,10425,10716,12336
"05000US41059","Umatilla County, OR",138600,139700,162500,146800,172000,185900,10827,11274,10986,11141,18722,14990
"05000US05007","Benton County, AR",143500,157200,166200,170200,180500,196700,5357,5960,6935.000000000001,4797,8918,10431
"05000US37023","Burke County, NC",113500,115800,120700,116200,125100,119400,8589,10950,10502,9145,14031,14505
"05000US37021","Buncombe County, NC",193500,191100,204000,221000,240100,257200,8018,9113,8654,7239.000000000001,9825,11560
"05000US41067","Washington County, OR",277000,291500,322400,361400,394000,417100,4576,5272,6731,5263,6438,7744
"05000US37019","Brunswick County, NC",195100,176100,200300,205300,214300,218200,14665,8972,12516,14118,16401,15930
"05000US05031","Craighead County, AR",128900,136500,132900,135400,137500,149700,10608,9288,8780,10117,8255,13987
"05000US55117","Sheboygan County, WI",146500,143700,145000,154700,154900,167300,5958,4195,4975,6575,7659,6322
"05000US37001","Alamance County, NC",139800,133700,141100,148700,153800,151900,8463,7672,6860.000000000001,6565,7709,6917.999999999999
"05000US41071","Yamhill County, OR",214600,222900,238900,275500,308700,317100,18777,14144.999999999998,12155,11318,18804,21768
"05000US05045","Faulkner County, AR",139600,147800,160700,159900,165200,159900,5626,6905.000000000001,6513,6552,7799.999999999999,8271
"05000US36119","Westchester County, NY",493800,501100,514700,516500,547800,560800,11131,10724,14577.000000000001,15001.000000000001,10671,11898
"05000US36117","Wayne County, NY",118000,117100,120900,119400,125000,130600,6378,4519,6862.999999999999,6127,8000,6109
"05000US42001","Adams County, PA",192900,190700,193800,206900,203500,206800,6894,9954,7934,8298,8521,11584
"05000US36113","Warren County, NY",186300,197100,187800,197300,194200,195200,11251,13160,11512,12178,9431,11577
"05000US05051","Garland County, AR",121500,124800,134500,142600,140400,149500,8224,12459,15584.000000000001,13177,14149.999999999998,14712.999999999998
"05000US55109","St. Croix County, WI",198100,208400,215400,226400,248500,261300,10633,8943,9953,8964,10403,12759
"05000US36111","Ulster County, NY",218500,217100,216900,224800,233000,243700,9727,8744,7767,8298,10033,12522
"05000US42003","Allegheny County, PA",127500,133500,141700,147100,153500,163300,2943,2430,2001.0000000000002,2692,3311,2734
"05000US05069","Jefferson County, AR",78400,83900,80200,88000,85800,84100,8010,7206,5999,12099,6346,6832.999999999999
"05000US36109","Tompkins County, NY",173100,182100,195100,201400,205300,215800,12230,16090,9781,14219.000000000001,12788,12709
"05000US36105","Sullivan County, NY",167300,161700,168500,167200,177500,179900,9331,5927,14069.000000000001,11630,15992,20988
"05000US42005","Armstrong County, PA",90200,89400,108200,94500,114400,115300,5625,5100,5976,6742,11271,8175
"05000US36103","Suffolk County, NY",368400,368800,381700,386400,394600,409400,3156,2669,3200,3339,3653.0000000000004,4418
"05000US05085","Lonoke County, AR",133800,127300,142100,137000,143300,134100,6959,7268,7138,10045,11906,9011
"05000US55105","Rock County, WI",125400,135100,133300,138800,142700,151400,5664,5036,3944.9999999999995,5403,5292,4849
"05000US36101","Steuben County, NY",90900,98100,92400,100700,97500,102600,3635.9999999999995,3593,5199,5783,7064.999999999999,4863
"05000US42007","Beaver County, PA",120500,119600,131500,137600,138300,140800,4331,4964,6944,5330,6635,5686
"05000US05119","Pulaski County, AR",141700,140200,153200,153800,156300,164700,6284,6175,4846,6195,5326,4243
"05000US36093","Schenectady County, NY",165200,161700,167000,168100,164400,174200,5181,4051.9999999999995,4805,5693,6940.000000000001,6815.000000000001
"05000US36091","Saratoga County, NY",230600,238000,241600,250400,258600,267200,7433,9058,6814,7176.999999999999,9283,7974.000000000001
"05000US42011","Berks County, PA",166900,168600,171100,174800,173700,186000,3570.9999999999995,3620.9999999999995,4475,4774,3683.0000000000004,5822
"05000US36089","St. Lawrence County, NY",82400,89200,89700,87700,94300,98400,4000,5574,4664,3638,4521,5984
"05000US05125","Saline County, AR",136600,138600,147200,154100,154100,157500,8051,8333,7627,9409,7657.999999999999,8333
"05000US55101","Racine County, WI",160600,164400,162000,169100,169500,187300,5838,6117,4816,6754,6310,7707
"05000US36087","Rockland County, NY",413400,414500,430600,431600,439100,454500,10001,10197,9796,7500.999999999999,9070,9138
"05000US42013","Blair County, PA",115200,112500,114800,114700,129600,128500,6922,5300,6151,5011,7781,8456
"05000US05131","Sebastian County, AR",127600,115600,117100,111900,124700,140000,7432,8071.999999999999,5145,9431,10925,11967
"05000US36085","Richmond County, NY",432600,441000,457700,477100,501300,556000,7772.000000000001,8685,6482,7609,13279,11735
"05000US36083","Rensselaer County, NY",172200,180800,182100,184200,196000,187100,5692,6189,6624,10111,5569,8805
"05000US42017","Bucks County, PA",301300,311000,318600,322400,326700,338500,5838,6075,5166,5261,5983,4870
"05000US36081","Queens County, NY",439500,447300,487400,508000,545800,577400,5924,5557,7019.999999999999,9433,8094.000000000001,9658
"05000US05143","Washington County, AR",148600,159800,159600,168100,172200,169800,7966,6436,7421.000000000001,7667.999999999999,8302,5832
"05000US55097","Portage County, WI",149800,156800,159900,162000,162000,178700,6403,5165,5696,5948,6257,6255
"05000US36079","Putnam County, NY",355900,353600,344400,362300,359700,354800,11003,11783,8419,11945,13359,11268
"05000US42019","Butler County, PA",178400,179700,190600,195900,210200,217400,7311.000000000001,8581,6388,9557,7868,9313
"05000US05145","White County, AR",103600,131200,104900,117300,118400,123300,11861,14232,11348,10104,9006,11738
"05000US36075","Oswego County, NY",92700,96000,102000,101100,103300,111400,3952,7383,5225,5510,7842.000000000001,5605
"05000US36071","Orange County, NY",259300,254700,262500,258800,269100,282200,6680,6230,7602,5856,6989.999999999999,6295
"05000US42021","Cambria County, PA",85300,88800,89100,93400,91600,94600,5241,4398,3523,3603,5589,6324
"05000US36069","Ontario County, NY",145900,149800,156400,154300,166100,166200,6945.000000000001,10935,7408.999999999999,7614,6886,10587
"05000US06001","Alameda County, CA",518900,587600,656700,713600,781000,842000,9781,7606,5961,10202,11652,9100
"05000US55089","Ozaukee County, WI",230500,243700,250000,270300,291200,295100,9252,10775,13612,10646,9511,15464
"05000US36067","Onondaga County, NY",132400,135800,139500,139800,146700,148800,4058.0000000000004,2558,3110,2873,3309,3513
"05000US42025","Carbon County, PA",139000,124600,146000,139000,151400,140800,13855.000000000001,14634,9686,12730,11269,13880.000000000001
"05000US06007","Butte County, CA",217600,225400,246700,256500,268900,274200,10164,9034,9668,11171,14193,14223
"05000US36065","Oneida County, NY",113600,116000,117000,125000,124000,135100,5252,5671,3943,4822,4747,6205
"05000US36063","Niagara County, NY",106100,105500,115700,122900,124900,132700,4679,4658,4717,6354,5566,6643
"05000US42027","Centre County, PA",198700,198500,206600,224400,232300,234700,9576,10633,10524,9291,8798,13665.999999999998
"05000US36061","New York County, NY",848600,888500,867600,1003400,976100,1013400,31991,30252.000000000003,35147,44819,35100,57841.00000000001
"05000US06013","Contra Costa County, CA",424100,474000,522500,577000,642300,670000,11512,9578,12823,12968,10632,8126.000000000001
"05000US55087","Outagamie County, WI",155400,156900,157700,162100,168600,176000,4030,3426,4524,4148,3628,7315
"05000US36059","Nassau County, NY",436000,443200,458800,471900,489900,517500,4123,4180,3408.9999999999995,3886.0000000000004,4100,7447
"05000US42029","Chester County, PA",321100,325500,332900,347700,355000,367800,7141,7206,7495.999999999999,7246,6861,6852
"05000US06017","El Dorado County, CA",352900,376800,413100,426800,472100,486600,12804,14113,15832,17953,15104,15104
"05000US36055","Monroe County, NY",139900,137600,143100,143100,147700,151800,2227,1972,2299,2187,2641,3234
"05000US36053","Madison County, NY",135300,119700,134500,142400,145800,133800,10059,7727,13735.999999999998,11312,11516,8158.999999999999
"05000US42033","Clearfield County, PA",84500,87100,91500,94100,96600,99300,3326,4470,5880,6038,4640,7499
"05000US36051","Livingston County, NY",129800,117000,117200,126800,135300,134900,9883,8125,9274,7343,10171,8310
"05000US06019","Fresno County, CA",185200,204700,220100,238100,248700,274400,5954,5079,4800,4477,6620,5812
"05000US55079","Milwaukee County, WI",146700,147200,150400,151700,157000,162600,2375,2669,2739,2471,3193,2251
"05000US36047","Kings County, NY",557000,574800,638500,667000,701800,759400,8173,9859,9179,10084,10709,15462
"05000US42037","Columbia County, PA",129700,141400,151500,145300,151700,159900,8364,9081,7398,9388,7687.999999999999,7104
"05000US06023","Humboldt County, CA",259500,272200,278400,298300,325200,326400,12540,8783,12545,14737.000000000001,15445.999999999998,13665.999999999998
"05000US36045","Jefferson County, NY",143800,147900,155600,149600,148300,145600,11720,9248,6221,8960,10126,9201
"05000US36029","Erie County, NY",127600,131800,139800,146400,153300,160200,3261,2597,2569,2370,2373,2640
"05000US42039","Crawford County, PA",100400,100300,110400,114500,114600,113700,5725,6247,4741,5338,5277,5793
"05000US36027","Dutchess County, NY",274000,270900,268100,279300,279300,291600,5949,7936,7231.999999999999,6241,5522,5807
"05000US06025","Imperial County, CA",148400,156000,169000,170900,200700,214400,9215,7946.999999999999,5118,6871,9841,9504
"05000US55073","Marathon County, WI",141900,145600,151500,146700,148400,164800,4188,4949,4192,3805.0000000000004,4728,4492
"05000US36019","Clinton County, NY",121200,130200,128700,130500,136900,135500,8370,8071.999999999999,8656,7011,6941,9704
"05000US42041","Cumberland County, PA",188400,191300,192700,200200,202300,208200,5673,4369,4849,6323,7211,7475
"05000US06029","Kern County, CA",161000,183100,197100,204200,205700,226400,4533,7201,6541,6222,5314,4799
"05000US36015","Chemung County, NY",96500,111800,98600,111600,112900,105300,5792,8649,5393,5946,8734,9791
"05000US36013","Chautauqua County, NY",85700,83500,86300,87000,87500,86700,3384.0000000000004,2552,3574,3041,4069,3092
"05000US42043","Dauphin County, PA",160300,158100,158500,167500,173600,171000,3358,3281,4058.0000000000004,4889,4056.9999999999995,4474
"05000US36011","Cayuga County, NY",119800,111700,122600,127000,120900,137500,6914,5194,5921,7426.000000000001,6438,6028
"05000US06031","Kings County, CA",169200,169200,183000,190500,224500,231100,10858,10344,10686,12569,6237,10321
"05000US55071","Manitowoc County, WI",126200,124400,128800,129100,123100,129900,6211,6383,5523,6318,5337,9629
"05000US36009","Cattaraugus County, NY",85000,85400,88100,83200,88300,86200,3282,3342,3679,3428,2679,3941.0000000000004
"05000US42045","Delaware County, PA",227600,226800,235500,239500,244900,254000,6548,5787,7160,7130,7721,9396
"05000US06033","Lake County, CA",166400,159300,167600,217400,210500,245700,15405.000000000001,9159,20950,19547,16800,27584
"05000US36007","Broome County, NY",107700,114200,111900,121600,114200,119500,4799,4288,3927,4678,6698,4499
"05000US36005","Bronx County, NY",369400,359100,368500,378000,400300,436100,11292,10964,9954,14033,10062,13932
"05000US42049","Erie County, PA",116100,124400,121800,125700,138700,143700,4737,4643,3899.9999999999995,4767,5759,5463
"05000US36001","Albany County, NY",206800,208200,209300,221500,227000,224300,6740,6283,6729,5181,7061,4403
"05000US06037","Los Angeles County, CA",420200,464400,497200,537900,588700,625200,3238,3012,2638,4937,3462,3463
"05000US55063","La Crosse County, WI",155000,157000,157600,164500,172600,185600,4847,6386,6130,5124,7710.000000000001,9696
"05000US35061","Valencia County, NM",132900,129600,129700,140600,131100,141500,11382,13100,11014,10974,9658,12676
"05000US42051","Fayette County, PA",89100,89200,96300,101700,101000,109100,4742,3513,5225,6110,7931,8409
"05000US06039","Madera County, CA",174700,201100,232800,235400,240800,273500,11846,18658,12859,7240,11751,9850
"05000US35049","Santa Fe County, NM",263900,269300,286200,278000,292600,296100,10323,15184,10420,13753,12127,13141
"05000US35045","San Juan County, NM",130500,151500,147800,153100,156300,149600,6882.999999999999,14692.999999999998,9400,8194,7690.000000000001,10037
"05000US42055","Franklin County, PA",176900,165100,175200,174700,182000,180200,7277,4820,7746,7296.000000000001,6780,10409
"05000US35043","Sandoval County, NM",176700,168300,186200,180200,198800,216800,10509,5366,8240,12554,10600,7191.999999999999
"05000US06041","Marin County, CA",784200,862800,906500,974600,1014000,1071200,29720,27449,21505,21121,43118,36203
"05000US55059","Kenosha County, WI",159800,155600,164600,175100,174500,180000,6612,5628,6054,7687.999999999999,9961,10300
"05000US35035","Otero County, NM",102700,107700,109000,102700,118000,113100,18014,20898,7603.000000000001,17114,13305,8574
"05000US42063","Indiana County, PA",95700,104000,104700,116400,120200,122100,5461,9022,11885,6765.999999999999,7817.000000000001,8243
"05000US06045","Mendocino County, CA",297600,318800,344500,333900,409900,381900,23778,21674,21424,17249,26575,20186
"05000US35031","McKinley County, NM",59600,56100,55000,68500,72300,76500,8762,5085,8984,5420,12391,7062.000000000001
"05000US35025","Lea County, NM",105400,114100,116900,120200,148500,134200,16319,7139.000000000001,9818,10347,16022,17103
"05000US42069","Lackawanna County, PA",146300,145900,145600,152000,153100,147900,8260,8334,8013,4881,6397,6654
"05000US35013","Doña Ana County, NM",134600,135600,146700,141300,145200,144400,8828,12517,8351,9441,7971.999999999999,8354
"05000US06047","Merced County, CA",147200,173000,210100,231300,253700,261100,9268,7059.999999999999,14256,12311,11710,9867
"05000US55055","Jefferson County, WI",162200,180400,174900,181800,191400,198600,4281,6728,6633,5449,7059.999999999999,8187
"05000US35005","Chaves County, NM",105700,108400,100000,103700,120100,118600,10974,7555,7589,16152,12065,11033
"05000US42071","Lancaster County, PA",186500,188100,197400,196400,204200,220500,3336,3806,4029,3393,5106,3965
"05000US06053","Monterey County, CA",363800,391200,429100,481000,517200,563000,12003,13752,17871,16067,24858,19181
"05000US35001","Bernalillo County, NM",185000,184600,189000,194200,198000,208400,3894,4412,3121,5197,4999,4626
"05000US34041","Warren County, NJ",255400,246600,256000,252200,271900,269900,8874,10511,11459,10358,10114,13578
"05000US42073","Lawrence County, PA",93700,99300,97600,107200,115200,110300,5749,5670,8030,7724,6974,6606
"05000US34039","Union County, NJ",346300,339800,342800,357800,369300,375400,10430,6707,7295,6278,8389,8128.999999999999
"05000US06055","Napa County, CA",443000,511800,555900,599300,628500,665100,17904,27022.000000000003,25783,16853,18557,15019
"05000US55039","Fond du Lac County, WI",142600,141600,146700,157700,152100,162700,5967,5943,5225,5317,7014.999999999999,10652
"05000US34037","Sussex County, NJ",267900,265200,267600,265500,268500,269300,7109.999999999999,7007.000000000001,10018,9771,9607,7717.999999999999
"05000US42075","Lebanon County, PA",162300,168100,162700,168500,172900,178000,5763,4105,5301,5396,6199,6703
"05000US06057","Nevada County, CA",337400,347700,383400,381100,437200,456000,18300,17544,21361,15285.999999999998,14874,17671
"05000US34035","Somerset County, NJ",400900,392700,420400,422800,424900,436600,16539,10770,14483.999999999998,14376,15753,14134.000000000001
"05000US34033","Salem County, NJ",184900,180500,191200,183400,192800,178200,8018,10588,9354,9631,18219,12807
"05000US42077","Lehigh County, PA",187200,188600,196800,198800,211300,213400,5546,5483,5564,5386,6588,8160
"05000US34031","Passaic County, NJ",331900,332800,330800,339900,334100,351500,7487,6500,6095,6947,7173,6835.000000000001
"05000US06059","Orange County, CA",539000,591800,625300,654400,679400,709800,7737.999999999999,5613,4828,5030,5443,4597
"05000US55035","Eau Claire County, WI",151600,151200,152100,157900,170400,176800,6120,6769,6994.999999999999,5420,7985,8967
"05000US34029","Ocean County, NJ",257700,258500,270200,272900,279600,285200,4956,6831,4656,5650,5079,5060
"05000US42079","Luzerne County, PA",125100,120300,123100,123400,125700,133600,5259,4654,4083.0000000000004,4283,6300,4695
"05000US06061","Placer County, CA",352500,386200,407400,442300,468400,488400,6814,6912.999999999999,10211,8088,7063,7818
"05000US34027","Morris County, NJ",414000,434700,433400,443100,462400,469900,9967,9020,7534,8311,8065,9469
"05000US34025","Monmouth County, NJ",380600,387900,396000,411300,421700,436200,7171,5793,5661,10111,7278,8677
"05000US42081","Lycoming County, PA",133600,144100,147500,152800,160800,161200,6431,5722,8531,5094,6907,7266
"05000US34023","Middlesex County, NJ",312900,320900,332900,333200,340700,352300,5633,5553,4513,5500,4898,4937
"05000US06065","Riverside County, CA",236400,279500,312700,329600,352700,364900,3871,3361,4096,3536.0000000000004,3476,3173
"05000US55027","Dodge County, WI",150300,152200,154100,160600,164700,173800,6302,5053,5490,4512,5058,9842
"05000US34021","Mercer County, NJ",275200,272000,283600,284600,293800,289700,8534,10205,9008,9297,10580,12538
"05000US42085","Mercer County, PA",105100,109900,117500,116200,123700,132100,5339,6128,6204,6676,6405,6968
"05000US06067","Sacramento County, CA",238000,273800,301200,326800,353400,376800,3585,4640,4541,3665,3797,3792.9999999999995
"05000US34019","Hunterdon County, NJ",380700,378700,404900,409100,405200,423100,12980,9621,16718,15769.999999999998,14732.999999999998,15978.000000000001
"05000US34017","Hudson County, NJ",325900,340900,342800,370200,377800,405200,11216,9633,8441,9802,8660,16713
"05000US42089","Monroe County, PA",176600,167800,166700,164200,164000,173500,9111,5517,4867,6846,4802,7357
"05000US34015","Gloucester County, NJ",207900,209600,211800,218600,222100,221600,5973,5540,4879,5371,5493,5461
"05000US06071","San Bernardino County, CA",230500,261600,281300,302600,326600,353400,4090,4513,4591,5689,4711,4896
"05000US55025","Dane County, WI",228400,233000,240800,255900,263300,275200,4040.9999999999995,4030,3639,5529,5891,5429
"05000US34013","Essex County, NJ",340800,348000,375900,373000,379400,393000,7577,5806,8325,8257,7368.999999999999,7200
"05000US42091","Montgomery County, PA",291700,287900,299700,307500,315900,323400,4068.0000000000004,3951.0000000000004,4650,5660,5231,4671
"05000US06073","San Diego County, CA",411000,457300,485900,527600,563800,606200,5433,4402,4165,7901,6340,5008
"05000US34011","Cumberland County, NJ",158800,166000,157300,165900,162100,166900,6978,4447,6000,5433,5445,7034.999999999999
"05000US34009","Cape May County, NJ",308200,296800,311800,290900,297600,306900,17638,13059,21051,12976,16793,21832
"05000US42095","Northampton County, PA",203000,205700,210600,218000,212000,225000,7149.000000000001,7296.000000000001,5138,5268,5635,6547
"05000US34007","Camden County, NJ",189900,194300,193800,197400,197900,198600,3941.0000000000004,3075,3425.0000000000004,4065,4544,5172
"05000US06075","San Francisco County, CA",778000,846800,941400,1024000,1104100,1195700,18102,15662,16767,24264,24312,21459
"05000US55009","Brown County, WI",159200,157100,159500,166100,173400,180400,4470,3574,3580,4013,5112,6275
"05000US34005","Burlington County, NJ",244500,241000,246300,248600,244400,251400,4647,4762,5013,6807.999999999999,5276,6625
"05000US42097","Northumberland County, PA",108100,107000,116600,118700,115900,119400,9818,6542,9743,9240,10271,8732
"05000US06077","San Joaquin County, CA",208900,250800,278400,316000,349200,366000,8081,7802.000000000001,5774,7560.999999999999,7034,6564
"05000US34003","Bergen County, NJ",435100,434400,451100,462800,470300,476200,6131,5894,7012.000000000001,7023,6172,5540
"05000US34001","Atlantic County, NJ",218600,217000,223400,215100,211600,219300,7597,7752,7907.000000000001,6949.999999999999,7303.999999999999,6839
"05000US42101","Philadelphia County, PA",136800,148700,150700,154000,166200,167700,4267,3777.9999999999995,3375,3156,3549,3790
"05000US33017","Strafford County, NH",217800,204800,215900,206200,246100,249500,9876,12622,11273,13946,9928,12535
"05000US06079","San Luis Obispo County, CA",436000,459900,508200,547200,574400,593100,14632.999999999998,16287.000000000001,23519,22481,17041,17132
"05000US54107","Wood County, WV",105500,105600,110600,121500,130700,128500,9209,7013,10145,9864,9418,10302
"05000US33015","Rockingham County, NH",273800,285000,293100,306000,327500,343700,7051,6123,5946,8552,8918,6967.000000000001
"05000US42107","Schuylkill County, PA",91700,94800,93400,97600,101900,102300,5706,5077,8347,4940,6867.999999999999,6547
"05000US06081","San Mateo County, CA",748300,836300,917600,1002400,1087100,1209000,19398,16872,14632.000000000001,23351,19715,20826
"05000US33013","Merrimack County, NH",217500,224400,220400,231100,231500,239100,7998,6297,6842.999999999999,5946,8049.000000000001,6055
"05000US33011","Hillsborough County, NH",240800,244700,256200,267400,278400,283500,4559,4824,4478,4590,5140,6078
"05000US42111","Somerset County, PA",103900,94400,99800,104200,110000,106500,6944,6468,6837,6894,5762,6802
"05000US33009","Grafton County, NH",205500,214700,213400,224500,217300,233900,12255,13870.000000000001,10830,15794.000000000001,17329,19641
"05000US06083","Santa Barbara County, CA",437300,476400,547600,531200,567600,629400,38706,30325,34367,44383,43640,34071
"05000US54081","Raleigh County, WV",102100,99600,105800,117500,101200,105000,15563,11422,8848,12262,7936,10262
"05000US33005","Cheshire County, NH",184000,181600,194100,186800,200300,192700,9458,8250,12459,8167,10467,12066
"05000US42125","Washington County, PA",145300,152100,165200,167100,171100,165000,8051.999999999999,6439,4562,5425,7702.999999999999,6013
"05000US06085","Santa Clara County, CA",682300,746500,836800,925700,971300,1110600,7115,10217,9585,8922,10458,11879
"05000US32031","Washoe County, NV",201700,233300,268400,299100,331200,363000,7264.000000000001,6311,6624,7768,8222,5882
"05000US32003","Clark County, NV",162300,188700,217300,233700,250000,286600,1990,3097,2603,2791,3521.0000000000004,3169
"05000US42129","Westmoreland County, PA",139800,141000,142100,149700,151200,159600,5221,3691,3618,4076.9999999999995,3934,3265
"05000US31153","Sarpy County, NE",159400,163200,169100,179400,195700,208400,4134,4202,4441,7195,5829,7321.000000000001
"05000US06087","Santa Cruz County, CA",535500,615200,668300,712800,775000,815100,27825,19803,24191,25398,23232,22034
"05000US54061","Monongalia County, WV",164800,154000,188800,191300,216800,199600,9195,9829,11021,15342,10802,14483.999999999998
"05000US31109","Lancaster County, NE",154200,150400,163600,167600,179400,184100,4187,4574,4726,3726,6664,5414
"05000US42133","York County, PA",165300,167000,168800,172000,179900,183000,3205,3014,2854,2842,4796,4456
"05000US06089","Shasta County, CA",209700,226900,238900,237200,248900,265000,9767,8934,9917,6974,8442,9222
"05000US31055","Douglas County, NE",144600,144400,153300,162100,167600,176400,2232,2250,3076,2391,2648,3775
"05000US30111","Yellowstone County, MT",193200,194900,209300,221600,225500,231000,6929,5188,6678,6840.000000000001,7629,6185
"05000US44003","Kent County, RI",195500,205900,218800,220200,231500,247700,5375,8466,6927,7504,5905,6861
"05000US30063","Missoula County, MT",242300,246800,246400,270300,295600,302100,11969,11298,11906,14854,10642,13707
"05000US06095","Solano County, CA",259800,304100,344900,377900,411700,442700,6576,9075,6398,7480,9716,7459
"05000US54039","Kanawha County, WV",107000,103600,110600,119000,111900,119600,8474,7430,6785,7006,5987,7914
"05000US30049","Lewis and Clark County, MT",207200,205900,219500,222100,244200,269500,10484,9103,8586,9145,10246,12357
"05000US44005","Newport County, RI",348800,337200,366700,383400,389600,405900,25726,16207.999999999998,20322,21266,17886,26647
"05000US06097","Sonoma County, CA",406900,469400,512100,565200,628400,655200,12710,9259,16337.999999999998,12151,11445,9788
"05000US30031","Gallatin County, MT",264400,280100,293100,347900,344600,412100,14352,10579,13198,17080,15494,22405
"05000US30029","Flathead County, MT",233800,229600,246600,247800,270500,320400,14665,17288,14497,12331,10434,20583
"05000US44007","Providence County, RI",202400,207200,212000,219500,230700,242900,4796,5275,5432,4448,3924,4601
"05000US30013","Cascade County, MT",160800,160900,168600,169500,174300,189300,5904,6086,5616,7160,7881,8462
"05000US06099","Stanislaus County, CA",175000,216000,243500,274300,288200,318900,6341,7912.000000000001,6775.999999999999,5445,5423,8659
"05000US54033","Harrison County, WV",96700,98600,113200,113300,120400,115900,8679,11038,6784,8782,10815,17506
"05000US29510","St. Louis city, MO",108100,113800,130800,125800,141400,154800,5755,5595,6582,6009,6702,6006
"05000US44009","Washington County, RI",317800,298300,321700,323200,339400,356000,13000,10893,12219,13171,12988,11332
"05000US06101","Sutter County, CA",177800,202000,230200,254200,278300,314500,13500,15194,8898,16234,10130,16403
"05000US29189","St. Louis County, MO",170800,173100,186500,189300,197300,210000,3372.9999999999995,2708,3615,4215,4836,5426
"05000US29187","St. Francois County, MO",89800,121700,118400,113500,124700,126200,8181.000000000001,12867,12660,10156,21641,16083.999999999998
"05000US45003","Aiken County, SC",120300,136500,141400,148100,144600,154000,9142,6509,9850,7368,8266,5960
"05000US29183","St. Charles County, MO",181600,189600,197300,210600,220100,228800,3654,3612.0000000000004,4094,4954,3889,4279
"05000US06107","Tulare County, CA",160400,170300,174300,186600,204300,220700,6584,4346,5766,5135,7515,7387
"05000US54011","Cabell County, WV",100000,113000,118500,126600,139700,120600,9005,8950,8270,9394,11560,11089
"05000US29165","Platte County, MO",188200,202800,197100,224200,219000,235200,7376.000000000001,11869,12818,14250,13236,13180
"05000US45007","Anderson County, SC",130200,125800,136000,132900,142600,146300,7328.999999999999,7642.999999999999,6676,11446,9465,7626
"05000US06111","Ventura County, CA",443700,483100,528700,561400,592500,614400,7665.000000000001,8779,13334,7034,8851,7317
"05000US29099","Jefferson County, MO",147800,145700,155000,156700,162500,168000,4521,4474,4953,3909,3546.0000000000004,4231
"05000US29097","Jasper County, MO",106200,104300,120600,113500,113900,125200,9099,6535,7221,9002,7598.000000000001,7307
"05000US45013","Beaufort County, SC",265600,271100,277800,272400,305300,312200,17198,15388,15948.000000000001,16050,17605,18835
"05000US29095","Jackson County, MO",123100,125200,130800,139100,142300,159100,2824,3818.9999999999995,3565,2769,3585.9999999999995,3078
"05000US06113","Yolo County, CA",331200,349000,366100,408500,430400,461800,13882,13904.999999999998,11044,22795,20155,15195
"05000US54003","Berkeley County, WV",158200,161900,170600,174100,174000,177500,4726,7560,6986,10281,10517,13074
"05000US29077","Greene County, MO",123300,130900,137100,142600,148000,148000,3739.0000000000004,5590,4381,3473,5470,5314
"05000US45015","Berkeley County, SC",152100,155100,164700,174500,184500,195900,7710.000000000001,7322,5878,7266.999999999999,7609,6411
"05000US06115","Yuba County, CA",169800,169700,206800,253800,253000,273600,15857,15161.999999999998,20612,15653,15893.000000000001,16416
"05000US29071","Franklin County, MO",144700,139900,160700,169100,165800,170000,10672,7979.000000000001,7996.999999999999,9305,8874,10403
"05000US29051","Cole County, MO",139800,160800,158500,153600,162600,167300,7567,7996.999999999999,8873,14368.000000000001,9348,8141.000000000001
"05000US45019","Charleston County, SC",232100,249700,278600,286000,330300,339900,9594,13299,11602,14431,13472,12367
"05000US29047","Clay County, MO",149800,153900,159300,166900,176100,186800,4610,5362,4266,5009,6556,7047.000000000001
"05000US08001","Adams County, CO",191900,200600,240300,275100,308400,343400,3620.9999999999995,4828,4247,4286,5373,5290
"05000US53077","Yakima County, WA",159800,156700,163200,166300,177700,186500,7677.999999999999,6006,5272,5788,8756,10195
"05000US29043","Christian County, MO",139400,153400,155200,163800,161800,177500,7985,9606,14103,10393,7946.999999999999,10639
"05000US45031","Darlington County, SC",90200,78000,90800,84900,85500,107400,9658,7961.999999999999,11921,7027.000000000001,7587,12307
"05000US08005","Arapahoe County, CO",236400,257700,290800,319000,366300,392400,4155,5708,4922,6114,4967,5426
"05000US29037","Cass County, MO",157500,163200,164800,168300,172100,192900,9097,8677,5827,10017,6457,9453
"05000US29031","Cape Girardeau County, MO",139200,142500,155100,157800,158300,160600,11672,7750.000000000001,6169,10754,6085,7819
"05000US45035","Dorchester County, SC",171000,163000,176200,180300,203900,219400,7777.000000000001,7779.999999999999,8833,7477,12274,7834.999999999999
"05000US29021","Buchanan County, MO",110700,113000,111600,121000,118200,131200,10878,9321,5936,8140,7054,13051
"05000US08013","Boulder County, CO",349100,383100,416500,467600,504800,554100,10228,12694,13770.000000000001,13346,18905,16232.000000000001
"05000US29019","Boone County, MO",172900,170700,181000,178500,181900,192200,8371,7256,15734.999999999998,11684,11926,8273
"05000US45041","Florence County, SC",126000,128300,128900,129300,129700,141700,8407,8234,8137,7999.000000000001,9042,14054.000000000001
"05000US08014","Broomfield County, CO",,,342800,383600,416600,444600,,,13139,13274,23832,17660
"05000US53073","Whatcom County, WA",278600,273500,293700,313500,355500,362500,9786,9435,9377,14911.999999999998,11656,11624
"05000US28121","Rankin County, MS",151900,155300,155200,158800,160000,169300,8113.999999999999,6732,7859,6662,6339,8433
"05000US28089","Madison County, MS",207200,205600,207300,214000,230500,221100,16480,23325,14766,10903,14762.000000000001,11458
"05000US08031","Denver County, CO",263900,283100,316700,360900,395100,435100,7993,7006,9931,10521,7530.999999999999,9463
"05000US45045","Greenville County, SC",157500,160100,161200,173400,182300,192700,4940,3803.9999999999995,4018,4101,5784,5257
"05000US28081","Lee County, MS",113100,140000,135700,127000,132300,135300,14247,14437,9644,11062,10984,10245
"05000US28075","Lauderdale County, MS",87200,82000,87400,97100,98000,107400,7179.000000000001,8019.000000000001,6346,14998,13045,24330
"05000US45047","Greenwood County, SC",96600,102100,119900,126000,129400,111400,8563,15588,13715.000000000001,10470,13228,11738
"05000US08035","Douglas County, CO",343800,366400,398800,445400,468900,508700,7061,7411.000000000001,8320,7627,6437,13571.000000000001
"05000US53067","Thurston County, WA",237000,244100,244800,261700,283400,314900,7094,6618,6121,6080,6496,9928
"05000US28067","Jones County, MS",76900,84300,92300,93400,86800,113900,9518,10829,15629.000000000001,13490,11276,21976
"05000US28059","Jackson County, MS",117200,119200,123700,121500,148500,134200,6045,6267,8694,6822.999999999999,9222,12003
"05000US08041","El Paso County, CO",210200,224100,232900,249200,272000,289500,5742,3993,4221,4992,5050,4477
"05000US45051","Horry County, SC",151500,157000,170900,175500,176400,187000,4656,4319,4815,5634,5756,7139.000000000001
"05000US28049","Hinds County, MS",94200,107900,118600,105600,126100,126700,5500,6676,5175,8212,6817,7358.999999999999
"05000US45055","Kershaw County, SC",,,,,119300,144000,,,,,13939.999999999998,9332
"05000US28047","Harrison County, MS",141100,132100,143400,140600,155200,148500,9150,8152,9490,11286,7104,10160
"05000US08059","Jefferson County, CO",273100,289700,330200,360800,408100,440200,4474,4063.0000000000004,5215,4387,6561,5212
"05000US53063","Spokane County, WA",179300,182700,194400,201300,222200,243400,4561,4243,4803,5262,4649,5499
"05000US28035","Forrest County, MS",112600,107400,108500,112400,131100,134200,13546.000000000001,25133,12921,20640,16146,21048
"05000US45057","Lancaster County, SC",150100,161000,159600,184000,187700,211500,13190,12655,12942,18549,20523,20228
"05000US08069","Larimer County, CO",260100,269700,298100,339900,359800,398300,7196,5881,7449,7605,8003,8166.000000000001
"05000US28033","DeSoto County, MS",152400,149000,162200,158600,171600,170800,7722,6154,5283,6498,7009,5746
"05000US27171","Wright County, MN",187800,200900,211100,227800,228900,253400,8753,9604,10188,8994,6465,11779
"05000US45059","Laurens County, SC",82800,92100,89100,91600,87000,95500,6118,8054.000000000001,14515,8355,14029.000000000001,14410
"05000US27163","Washington County, MN",230800,254400,266700,274600,288600,298400,7148,8256,6477,5465,8079.000000000001,7919.999999999999
"05000US08077","Mesa County, CO",204800,198000,198800,212200,226400,229000,9466,10148,10129,11578,10113,9056
"05000US53061","Snohomish County, WA",277500,304200,338500,362100,407900,455000,4312,5945,4350,4253,7505,6236
"05000US27145","Stearns County, MN",163900,166200,171600,174300,178300,193900,4236,4470,4470,5412,6194,7510
"05000US45063","Lexington County, SC",142000,141700,146700,150900,159500,160700,4544,4234,4844,4534,3185,3973
"05000US08101","Pueblo County, CO",141000,137500,148000,156600,163300,173200,4551,5505,6959.999999999999,5069,6036,6049
"05000US27141","Sherburne County, MN",183300,191600,198600,214400,245000,240700,9616,7869.999999999999,9160,8726,11867,9956
"05000US27139","Scott County, MN",244700,257000,275100,281500,293200,309200,10490,10017,10299,10143,9387,12767
"05000US45073","Oconee County, SC",151100,137200,159700,152200,160800,165800,11667,17432,10170,13036,8946,11245
"05000US27137","St. Louis County, MN",136300,134800,146600,153800,157500,161200,5984,5598,4870,4760,4432,4197
"05000US08123","Weld County, CO",195200,212000,242700,274200,295100,325400,6920.000000000001,5740,6801,5152,8289,9019
"05000US53057","Skagit County, WA",246600,258500,255900,279200,303400,336900,12251,11896,13287,7739,14991.000000000001,13672
"05000US27131","Rice County, MN",166200,195700,185000,205300,205300,218100,8715,14186,7102.000000000001,15235.999999999998,15073,10196
"05000US45075","Orangeburg County, SC",89800,88900,96100,95800,92800,99500,10176,8727,8299,8944,9354,11089
"05000US09001","Fairfield County, CT",420600,408900,420900,423200,425900,435000,10472,11865,9284,10750,10235,8000
"05000US27123","Ramsey County, MN",187000,197700,207600,220100,231100,240900,4813,4594,4433,3462,4023,4725
"05000US27109","Olmsted County, MN",172400,174500,182400,192800,224900,229200,5123,4776,6224,8538,7278.999999999999,7109
"05000US45077","Pickens County, SC",124500,108600,134100,143100,154800,152200,10212,7186,4814,9966,6399,10649
"05000US27053","Hennepin County, MN",221100,228000,250100,257700,274900,289900,3057,2666,3461,4170,3823.9999999999995,4374
"05000US09003","Hartford County, CT",230300,233300,238500,238400,241000,241700,4010,3230,3821,3466,3989,3365
"05000US53053","Pierce County, WA",223300,237100,249600,271300,300200,338400,3644,4423,4689,4177,5171,4857
"05000US27037","Dakota County, MN",218800,225000,237000,248700,266000,279300,3221,4661,5108,4361,4446,4911
"05000US45079","Richland County, SC",144900,149200,156600,154400,168200,163600,3761,5386,6961,6333,5700,5901
"05000US09005","Litchfield County, CT",250500,255900,248300,243000,260700,256100,10451,9702,10950,8375,9645,10342
"05000US27019","Carver County, MN",258600,278900,291800,297300,315500,335300,12083,14039.999999999998,12767,12654,14236,13275
"05000US27013","Blue Earth County, MN",161300,165500,171100,172200,185600,191900,5946,8829,8951,6135,9176,7351.000000000001
"05000US45083","Spartanburg County, SC",124200,121200,130100,129200,136500,153300,4958,5021,4588,5656,5738,5516
"05000US27003","Anoka County, MN",178200,188300,205300,215200,229900,247000,3988,3108,4033,3181,3494,4119
"05000US09007","Middlesex County, CT",286100,279900,282700,294500,281200,283800,7538.000000000001,7113,7041,9780,8489,11736
"05000US53045","Mason County, WA",,,,,,230800,,,,,,30481.999999999996
"05000US26163","Wayne County, MI",78100,84900,92400,105300,114400,120700,1519,1332,2124,2503,2142,2476
"05000US45085","Sumter County, SC",117700,111100,100900,110900,123500,113700,11638,9911,10035,10665,12623,17352
"05000US09009","New Haven County, CT",242000,242700,244400,247600,243400,251100,3521.0000000000004,4854,4168,4287,4927,5301
"05000US53041","Lewis County, WA",163700,173200,169900,185300,197900,246400,9438,9527,7367,12671,15161.000000000001,14428.999999999998
"05000US26161","Washtenaw County, MI",207500,212400,234200,244700,258700,280500,6753.000000000001,8642,6268,6735,8297,9744
"05000US26159","Van Buren County, MI",113600,121600,122100,131300,136200,150400,7269.000000000001,7508.000000000001,8515,13263,11140,9282
"05000US45091","York County, SC",157500,162900,171200,180700,199400,219500,8004.000000000001,6234,6486,7500,10110,9454
"05000US09011","New London County, CT",241100,234900,240900,242000,239400,238400,6979,7401.000000000001,6039,7670.000000000001,6567,7736
"05000US26155","Shiawassee County, MI",100300,102400,113100,114100,133200,125100,7717.999999999999,6007,7739,6120,6275,8826
"05000US26147","St. Clair County, MI",113100,126800,131000,145100,154900,161400,5365,7996,6441,6067,6880.000000000001,4632
"05000US46099","Minnehaha County, SD",151700,159100,163200,173500,190400,196200,4428,4271,4413,4328,4429,6934
"05000US09013","Tolland County, CT",247700,253200,246900,250100,243600,262700,10710,9175,8723,9342,9698,8262
"05000US53035","Kitsap County, WA",255000,255200,269200,288800,326200,363400,10654,9479,8066,9095,8706,8470
"05000US26145","Saginaw County, MI",95100,89700,93500,96200,104300,105800,3649,3579,5528,5339,5393,6435
"05000US26139","Ottawa County, MI",150000,158600,165500,175600,190500,213000,4291,3646.9999999999995,3724.0000000000004,4310,4012.0000000000004,5373
"05000US46103","Pennington County, SD",156200,161000,171800,184000,192000,191000,6253,8845,7088,6307,7198,9052
"05000US09015","Windham County, CT",197300,187400,198000,203000,198600,207300,9338,6107,8567,9884,7431.000000000001,10175
"05000US26125","Oakland County, MI",172200,192800,217400,224400,243800,258900,2205,3546.0000000000004,4222,3592.0000000000004,3604,3706.9999999999995
"05000US26121","Muskegon County, MI",96200,96200,105400,106500,119900,123300,4035,3759.0000000000004,5385,4863,4871,5101
"05000US47001","Anderson County, TN",120100,139300,128700,127600,155200,152500,15497,12752,10096,15857,11217,10855
"05000US10001","Kent County, DE",192800,205300,215200,199000,223100,228500,5416,8244,9045,8372,8046.999999999999,7316.000000000001
"05000US53033","King County, WA",376200,402700,438100,491300,563600,635200,5016,6490,5964,5675,8835,7908
"05000US26115","Monroe County, MI",132100,140500,145800,158800,165600,168800,8715,8063,6130,5354,8462,5655
"05000US26111","Midland County, MI",125700,126200,138500,132400,140200,146200,8199,7467,7454,10185,8546,7975
"05000US47009","Blount County, TN",155500,165100,169600,173000,175500,197200,9590,5630,6454,9279,8165,12568
"05000US10003","New Castle County, DE",241700,242000,250800,253000,255500,269800,4707,4245,6316,5370,7520,6410
"05000US26103","Marquette County, MI",132000,137400,153500,155400,154900,156500,7998,9814,8297,9046,10348,10996
"05000US26099","Macomb County, MI",117000,134900,149000,157700,166500,176100,2850,3054,2646,2292,2193,4418
"05000US47011","Bradley County, TN",144100,137800,154000,147400,166100,166300,8056.999999999999,9226,7809,6979,11988,7627
"05000US10005","Sussex County, DE",222500,221200,234400,254000,276800,254100,9387,9825,8977,10221,10411,11632
"05000US53029","Island County, WA",277900,296900,307500,332900,363800,392500,13177,17181,23314,18591,19582,20252
"05000US26093","Livingston County, MI",185700,198100,224300,227900,251700,256800,5142,6111,5727,5436,6262,5179
"05000US26091","Lenawee County, MI",108900,119100,123600,136300,141800,141800,6031,8720,6949,6627,10187,9587
"05000US47037","Davidson County, TN",166100,171700,188200,213300,250200,277100,2867,3241,5494,6291,7715.000000000001,6498
"05000US11001","District of Columbia, DC",470500,486900,551300,576100,607200,617900,13384,12472,20660,17732,19159,17497
"05000US26087","Lapeer County, MI",133500,135800,154700,165100,164300,190800,9777,7582,5543,6339,6207,10832
"05000US26081","Kent County, MI",134600,141200,151200,163100,173900,189100,3110,2753,2656,2965,2972,3762.9999999999995
"05000US47059","Greene County, TN",113400,115900,107500,133600,115700,130500,11327,13135,11471,15571,13951,8848
"05000US12001","Alachua County, FL",156400,159300,170900,177100,172500,193100,5918,6968,7722.999999999999,9625,7439,15186.000000000001
"05000US53027","Grays Harbor County, WA",156300,169700,157400,151800,169200,193300,9688,12205,8859,15465.999999999998,10450,24366
"05000US26077","Kalamazoo County, MI",127700,135700,148500,155500,158500,163900,5207,5247,4804,5221,4913,5730
"05000US26075","Jackson County, MI",111000,109400,127800,123700,131300,137300,6457,5502,6050,6973,8136.000000000001,7120
"05000US47065","Hamilton County, TN",155300,160400,164300,172800,177300,182100,3534,3858,4767,3557,5549,6942.999999999999
"05000US12005","Bay County, FL",142800,163200,165600,177700,171500,179200,10680,7391.000000000001,6320,9170,7250,10337
"05000US26073","Isabella County, MI",118400,129700,125400,132200,136100,139200,7508.000000000001,5257,7274.000000000001,7415,11186,8216
"05000US26065","Ingham County, MI",118300,114800,124100,129100,134400,142700,4646,5226,4708,4724,6890.000000000001,6313
"05000US47093","Knox County, TN",161800,163100,168900,174100,180200,191300,4248,4432,3722,3482,4956,5141
"05000US12009","Brevard County, FL",135900,149400,158800,175600,195400,221300,5271,4991,4448,5352,5994,5191
"05000US53025","Grant County, WA",146300,160400,160300,159300,177900,201600,12229,12126,14109.000000000001,12962,13061,19129
"05000US26055","Grand Traverse County, MI",164700,166400,177100,212300,198000,220200,7485.999999999999,6630,9674,13354,15199,15674.999999999998
"05000US26049","Genesee County, MI",82800,93800,99200,106900,110000,118700,2577,4274,3979,3339,4738,3962
"05000US47113","Madison County, TN",122500,112300,132500,134500,131200,133700,8673,6104,9039,7554,12819,15607
"05000US12011","Broward County, FL",181000,200900,222900,246100,260700,277600,5948,4707,5491,4893,4889,5132
"05000US26045","Eaton County, MI",134400,131600,146000,143300,156000,166000,7323,6183,4174,5410,6033,5182
"05000US26037","Clinton County, MI",157200,161300,155200,172800,177100,174600,5408,5211,5992,6181,10118,8098.999999999999
"05000US47119","Maury County, TN",142600,147000,148800,164100,188600,213300,9573,9866,9109,8165,12000,14921.999999999998
"05000US12015","Charlotte County, FL",138000,146300,167300,180600,193600,206600,7153,8011.999999999999,5925,11947,7126,9828
"05000US53021","Franklin County, WA",165200,177000,178600,186500,209900,222100,5448,11527,11276,9568,12199,16754
"05000US26025","Calhoun County, MI",95300,95800,101400,113900,116200,107700,5428,5040,5638,5748,8158,5668
"05000US26021","Berrien County, MI",123100,141600,141200,153600,150400,152900,4295,5456,7645.000000000001,6418,7053,5786
"05000US47125","Montgomery County, TN",147000,144700,155600,159500,167600,181000,5967,5520,7174.000000000001,7002.000000000001,5987,8637
"05000US12017","Citrus County, FL",107500,116300,115900,121900,128900,137600,7722.999999999999,9337,8194,8085,8039.000000000001,8317
"05000US26017","Bay County, MI",88400,104600,94100,100600,102800,105900,4199,4916,4893,4883,6268,5570
"05000US26005","Allegan County, MI",140100,136800,152500,157600,160000,170200,8408,7739,6834,7433,6561,6785
"05000US47141","Putnam County, TN",137900,143500,153200,157300,160400,162000,14941.999999999998,11386,9344,4615,8101.000000000001,10268
"05000US12019","Clay County, FL",145200,157900,166900,170300,177700,194800,7327,7857.000000000001,7305,5897,10177,10564
"05000US53015","Cowlitz County, WA",179300,165400,187900,197000,208900,244000,8433,8410,9291,11087,11716,14182
"05000US25027","Worcester County, MA",248800,255500,257400,269700,281100,291800,4556,5312,4621,5515,3868,4028
"05000US25025","Suffolk County, MA",365600,394800,432400,472500,497000,538000,7726,9168,9746,11159,13386,18248
"05000US47147","Robertson County, TN",150500,151000,165700,169500,172300,218500,11465,13348,10060,7941.999999999999,11328,11545
"05000US12021","Collier County, FL",260400,273100,315000,357300,358900,369700,12620,13872,12563,14196,12661,13132
"05000US25023","Plymouth County, MA",329800,328800,339800,354000,368100,388500,6829,6498,6488,7390,5805,7024.999999999999
"05000US25021","Norfolk County, MA",395000,413000,429200,446100,473400,496600,6877.999999999999,8040,8961,8492,7061,9750
"05000US47149","Rutherford County, TN",159200,159500,168600,178400,216600,234300,4605,4696,5099,7544,7488.000000000001,7495
"05000US12023","Columbia County, FL",97600,106700,110200,111700,145500,124100,6560,13788,12881,10716,13667,12656
"05000US53011","Clark County, WA",225600,239800,262700,294400,329200,358500,4851,4485,6248,4845,6382,4825
"05000US25017","Middlesex County, MA",404600,427800,450800,477500,511700,543600,7281.000000000001,5049,5092,4494,9560,9627
"05000US25015","Hampshire County, MA",256800,259000,281700,288700,273200,291800,9831,10221,8828,9560,7306.000000000001,9940
"05000US47155","Sevier County, TN",158500,154500,166100,164800,185900,186800,7818,12256,11365,6231,17370,9068
"05000US12031","Duval County, FL",136000,138700,153300,164300,185900,191500,4008,5334,3821,3833.9999999999995,4987,4460
"05000US25013","Hampden County, MA",193600,198900,197900,198700,208800,217600,4292,4877,4372,4678,6440,6171
"05000US25011","Franklin County, MA",221100,226700,226800,230500,230300,238400,6588,10986,11620,9182,7793,7538.000000000001
"05000US47157","Shelby County, TN",123000,130700,135800,141200,148600,157700,3380,4655,3568,5056,4817,4499
"05000US12033","Escambia County, FL",116900,117800,124400,131000,143900,150700,4660,4591,5735,7141,7686,6151
"05000US53009","Clallam County, WA",218300,215600,220300,225200,256200,281800,12404,11338,13009,16644,14597.999999999998,11406
"05000US25009","Essex County, MA",346600,359500,374400,384400,405500,444700,4400,4912,5477,5102,7603.000000000001,7106
"05000US25005","Bristol County, MA",267300,274500,275000,290900,301800,317500,4368,5582,4654,5638,6444,6342
"05000US47163","Sullivan County, TN",129600,122600,133800,128400,142800,145800,6473,8517,6324,6964.999999999999,7480.999999999999,5213
"05000US12035","Flagler County, FL",162800,163600,181100,207900,225400,224700,8040,8209,7448.000000000001,9221,11394,8591
"05000US25003","Berkshire County, MA",199700,202200,209400,198100,205900,224800,9445,11625,15160,9736,16485,13360
"05000US25001","Barnstable County, MA",361300,359700,375300,383200,401100,408000,7829,8253,8311,8026.999999999999,11685,13509
"05000US47165","Sumner County, TN",174000,178000,188700,210600,238400,250700,7101,8869,9232,10321,9704,8832
"05000US12053","Hernando County, FL",105100,111900,121200,126800,142700,153300,4398,5313,6983,5402,5202,6067
"05000US53007","Chelan County, WA",242500,236500,250500,259300,289900,320100,25948,13140,19849,16888,24309,29335.000000000003
"05000US24510","Baltimore city, MD",150000,150800,155600,153500,154400,167800,4667,5237,5054,5613,5028,4675
"05000US24045","Wicomico County, MD",166000,174400,176000,173700,167400,173700,8658,10173,8494,9653,5806,9179
"05000US47179","Washington County, TN",142200,147200,152600,163700,162500,166700,6381,8693,8770,8322,8513,7346.000000000001
"05000US12055","Highlands County, FL",80500,80800,92600,92100,100200,105800,6531,5992,12868,10913,9505,10801
"05000US24043","Washington County, MD",203600,201800,206900,202700,219100,211600,9623,11529,9770,9579,9364,11239
"05000US24037","St. Mary's County, MD",290400,291300,293700,307900,294000,309800,15677,9789,9548,16227.999999999998,11909,16612
"05000US47187","Williamson County, TN",330800,352000,379900,427800,451400,462000,14393.999999999998,10663,11852,13495,11264,8684
"05000US12057","Hillsborough County, FL",152900,164200,183000,195800,213600,232500,3398.9999999999995,3175,3771,4010,3703.0000000000004,3775
"05000US53005","Benton County, WA",176500,189500,197300,206500,238900,261200,6550,6234,6036,9996,11937,11384
"05000US24033","Prince George's County, MD",247600,254000,272200,284800,299700,320500,3831,4389,4241,3718.0000000000004,5122,4426
"05000US24031","Montgomery County, MD",447300,460900,474900,475300,477800,489000,6987.000000000001,6998,7098,7345,7534,6558
"05000US47189","Wilson County, TN",201700,207200,233400,234800,260200,276700,10167,10338,11219,12107,9106,9193
"05000US12061","Indian River County, FL",151100,167800,174000,183600,200000,220800,14096,9151,13127,11257,15549.999999999998,15230.999999999998
"05000US24027","Howard County, MD",425900,443300,441000,445400,444500,476600,10550,10986,12918,10039,9942,11970
"05000US24025","Harford County, MD",269500,274600,290600,280600,292500,297200,8446,6750.999999999999,8086,6949.999999999999,7647.999999999999,9204
"05000US48005","Angelina County, TX",90100,80800,96200,104600,111700,109300,7924.999999999999,6045,11797,16117,8793,24235
"05000US12069","Lake County, FL",126800,141400,155100,163600,185200,204000,6495,5492,4317,4111,8292,7914
"05000US51810","Virginia Beach city, VA",259200,261800,262900,271400,282300,285400,6307,6271,5906,5252,5799,5142
"05000US24021","Frederick County, MD",304000,309900,311800,329400,334100,338700,8732,9374,9744,9107,8849,7737
"05000US24017","Charles County, MD",273800,285300,287900,310200,318000,318900,12032,8991,7398.999999999999,10611,9219,8984
"05000US48021","Bastrop County, TX",113500,126300,156900,182300,180900,171600,17466,16626,13635.999999999998,25059,25525,18674
"05000US12071","Lee County, FL",154800,163400,184200,210900,225300,235000,5384,4654,8619,6187,5501,5429
"05000US24015","Cecil County, MD",248200,226800,242500,238400,234500,240500,14402,10578,12311,10465,7912.000000000001,11627
"05000US24013","Carroll County, MD",314100,325100,330700,334900,336700,348500,10220,7983,8178.999999999999,8538,8085,9622
"05000US48027","Bell County, TX",131600,127700,133200,141100,147200,153500,5853,5655,7253,6897.999999999999,4537,6237
"05000US12073","Leon County, FL",176100,184600,179100,197600,201300,210700,5823,7191,8578,7710.000000000001,10067,9842
"05000US51800","Suffolk city, VA",228200,237200,234200,247600,252000,265600,8681,9536,8284,11214,12183,13143
"05000US24009","Calvert County, MD",338500,340700,345300,356400,355400,362500,17107,16638,17449,14731,16821,16886
"05000US24005","Baltimore County, MD",236800,246400,250200,256800,259700,269900,4294,4155,4975,5833,5283,4745
"05000US48029","Bexar County, TX",126500,133500,142100,150200,160100,169700,2365,2513,2965,3005,2517,2953
"05000US12081","Manatee County, FL",160400,178700,194000,215700,233900,254100,8140,8477,8396,8738,8754,7822.000000000001
"05000US24003","Anne Arundel County, MD",329300,336000,345900,359600,360200,371400,6727,7066,6324,6149,6934,6528
"05000US48037","Bowie County, TX",104600,117100,101400,111100,132000,116500,11781,11678,10121,12926,13944.999999999998,13972
"05000US24001","Allegany County, MD",117700,122700,115500,115400,120400,113900,8281,10007,10068,7296.000000000001,11958,7328.999999999999
"05000US12083","Marion County, FL",107100,101300,120500,127000,137300,150600,6825.000000000001,5967,7114,7332,7868,6133
"05000US51770","Roanoke city, VA",131800,136500,134100,125500,136300,131400,6467,5973,8592,7917.000000000001,10454,8470
"05000US23031","York County, ME",226700,221900,238300,236000,248000,262900,7281.000000000001,8051.999999999999,6220,6486,8585,7832.000000000001
"05000US48039","Brazoria County, TX",147600,150300,164300,174800,195200,205600,7383,6463,5665,10695,7129.000000000001,10632
"05000US23019","Penobscot County, ME",133000,135500,143100,136300,136300,149500,6179,9551,9242,6514,6204,6331
"05000US12085","Martin County, FL",191100,201000,233100,257300,280800,297700,13698,19399,12537,16296,15963.999999999998,15808
"05000US23011","Kennebec County, ME",151500,148600,151900,152900,163100,156300,7383.999999999999,7426.000000000001,7669,5942,6698,5729
"05000US48041","Brazos County, TX",150100,161200,177000,187600,190600,231700,7490,6997.000000000001,9634,8775,9743,11307
"05000US23005","Cumberland County, ME",239800,257500,261300,270500,273400,294400,4593,7878,7470.999999999999,5494,5477,7939.000000000001
"05000US12086","Miami-Dade County, FL",192500,216000,251900,265200,288100,317100,4653,3674,3998,4086.9999999999995,4074,5027
"05000US51760","Richmond city, VA",189200,201200,199900,211400,233200,255900,13121,13752,11925,11526,14104.000000000001,15327
"05000US23003","Aroostook County, ME",90400,89000,104200,98800,101000,96700,7114,4237,7484,6253,5942,6599
"05000US48061","Cameron County, TX",82300,76200,82800,80000,92000,86500,2946,3453.9999999999995,2983,3713.0000000000004,3969,3112
"05000US23001","Androscoggin County, ME",145900,153800,147500,155800,153500,158900,6147,6192,6726,6429,7275,7323
"05000US12087","Monroe County, FL",356200,417000,409900,464700,513700,541900,27590.999999999996,39111,36353,29731,48695,46200
"05000US22109","Terrebonne Parish, LA",136400,143500,137900,150600,151100,151400,9268,16250,10758,11788,8187,9823
"05000US48085","Collin County, TX",216200,232100,261800,288100,323500,340600,5102,4295,4741,4419,5868,5505
"05000US22105","Tangipahoa Parish, LA",136300,131700,136700,175700,157500,162800,11663,15639.000000000001,12767,15069,10867,8192
"05000US12089","Nassau County, FL",161600,176000,213500,223100,234000,225300,12772,11582,12810,16216,11032,12162
"05000US51740","Portsmouth city, VA",166600,171400,162300,174800,175200,182600,4474,6600,6841,10734,8143.999999999999,8729
"05000US22103","St. Tammany Parish, LA",189600,204800,204700,210700,214300,228800,10435,7647,7768,8397,8859,8898
"05000US48091","Comal County, TX",197900,230100,239300,268200,282300,286900,12962,12535,21286,23024,16882,10524
"05000US22097","St. Landry Parish, LA",86800,94300,89400,108500,109100,129200,7393.999999999999,6064,5773,8534,6832,18605
"05000US12091","Okaloosa County, FL",184100,186000,204200,209400,209800,232900,6528,11638,10641,9329,8876,10275
"05000US22079","Rapides Parish, LA",128700,122300,139400,133400,142200,153900,10566,8049.000000000001,10757,8211,8829,9362
"05000US48099","Coryell County, TX",99600,106900,113700,99300,115200,118100,10449,9920,9657,10323,9180,9413
"05000US22073","Ouachita Parish, LA",130300,125900,130200,144000,151300,163500,9885,8416,10660,13982,11624,9561
"05000US12095","Orange County, FL",158100,171100,190700,214000,234400,259000,3502,2949,5950,5641,5601,5331
"05000US51710","Norfolk city, VA",189900,190000,204800,195500,204400,212500,4549,5114,8724,4266,7555.999999999999,8138
"05000US22071","Orleans Parish, LA",183100,192000,216800,219700,227800,242900,5297,7082.000000000001,7931,8942,10285,8652
"05000US48113","Dallas County, TX",127200,135500,145800,154300,175000,196300,2870,2874,2564,2517,3075,3502
"05000US22063","Livingston Parish, LA",150100,141800,159600,159500,163200,170100,10643,11775,7674,6568,10295,9143
"05000US12097","Osceola County, FL",134800,138200,160700,184900,197900,218900,10443,8061,6434,9354,6961,6588
"05000US22057","Lafourche Parish, LA",134600,131400,152400,153700,156400,155000,12145,13564,10930,10154,10101,8863
"05000US48121","Denton County, TX",190600,205000,224600,251400,280600,305200,4219,6232,3762.9999999999995,6505,4546,7436.000000000001
"05000US22055","Lafayette Parish, LA",163300,164200,172300,181100,188000,193500,5409,5685,5798,8677,6464,8699
"05000US12099","Palm Beach County, FL",193000,211200,246200,269600,282900,299800,6164,5226,4550,5487,5125,5807
"05000US51700","Newport News city, VA",184600,184900,196400,185000,192500,204900,5707,6426,6554,5140,6862.999999999999,9041
"05000US22051","Jefferson Parish, LA",170900,168800,181400,173900,184500,191900,3098,3389.0000000000004,4475,4316,4929,4631
"05000US48135","Ector County, TX",91600,123700,126100,126700,149500,148000,8713,10500,11007,8915,13516.000000000001,11755
"05000US22045","Iberia Parish, LA",99400,101300,95800,116300,122600,128900,14761,12625,13555,10991,13865.000000000001,13837
"05000US12101","Pasco County, FL",113700,123900,137700,145000,161500,174500,4129,5573,6869,6026,4951,5710
"05000US22033","East Baton Rouge Parish, LA",165900,170000,189800,180400,191200,200400,4929,4594,7337,8787,7042.000000000001,8952
"05000US48139","Ellis County, TX",137600,145900,167100,167300,190400,209000,5968,7410,7342,8734,14352,10520
"05000US22019","Calcasieu Parish, LA",114900,116100,140600,146800,165900,162400,7176.999999999999,9829,10040,11406,8254,8125
"05000US12103","Pinellas County, FL",138000,150900,170500,186500,197300,215800,4239,3658.0000000000004,3734.0000000000004,4109,5367,5126
"05000US51680","Lynchburg city, VA",147900,144600,156100,153600,160400,175500,7926,10959,6072,9968,6907,10460
"05000US22017","Caddo Parish, LA",118500,123600,144600,151500,149000,143300,7729,7774,7554,7580.999999999999,9385,5862
"05000US48141","El Paso County, TX",111200,114900,114000,119700,122300,123900,2339,2414,2596,2724,2391,3149
"05000US22015","Bossier Parish, LA",150500,155400,168500,175500,170400,159600,9959,13061,9397,14483.999999999998,8122,11756
"05000US12105","Polk County, FL",101800,105400,123100,135300,153700,161300,4152,5041,4744,5252,3193,5260
"05000US22005","Ascension Parish, LA",172600,162700,183300,195600,211000,221500,10999,5253,8235,13154,11064,9512
"05000US48157","Fort Bend County, TX",194100,210400,239400,258800,264000,276900,6530,7436.000000000001,6954,7607.999999999999,6377,7727.999999999999
"05000US21227","Warren County, KY",139500,146200,144100,157500,166600,180300,8552,13713,9503,12582,7594,11271
"05000US12107","Putnam County, FL",83700,83600,82300,83700,86600,90600,9650,4364,7413.999999999999,9227,6673,11705
"05000US51650","Hampton city, VA",185200,188900,183700,194900,184100,186400,9287,7512,8623,8106.000000000001,5772,6503
"05000US48167","Galveston County, TX",154200,151200,174700,184600,206400,202300,5670,8137,7368.999999999999,10834,12035,8579
"05000US21185","Oldham County, KY",,,,265900,287800,304200,,,,16002,15839.000000000001,20902
"05000US21151","Madison County, KY",136300,149500,149000,153100,159700,161800,14248.999999999998,8321,8385,7398.999999999999,5181,8202
"05000US12109","St. Johns County, FL",238400,248800,273000,296100,297600,324000,11320,11258,10901,10007,10996,11543
"05000US21145","McCracken County, KY",104500,129100,142800,137000,148400,147900,14341,10191,14257,12174,10353,12685
"05000US48181","Grayson County, TX",99300,109100,112300,125200,139500,163100,7896,6859,7200,10476,10985,9922
"05000US21117","Kenton County, KY",140700,149700,148000,153000,159200,162300,6343,5679,5976,7991.999999999999,5680,6227
"05000US12111","St. Lucie County, FL",125700,131900,149300,166500,179700,214200,6816,8356,6325,6211,12842,8702
"05000US51550","Chesapeake city, VA",253900,253000,259200,267100,270200,274600,9788,9246,7062.000000000001,9532,6842.999999999999,6962.000000000001
"05000US21111","Jefferson County, KY",151600,153100,155700,164500,174400,182500,3765,3193,3346,3529,3848,4613
"05000US48183","Gregg County, TX",132300,126400,130100,123600,137600,141100,9698,11415,10496,12743,10579,10062
"05000US21093","Hardin County, KY",142200,142200,145300,162200,151200,162600,7632,6696,10283,10451,8541,8678
"05000US12113","Santa Rosa County, FL",156400,164000,169200,189100,192900,209000,6710,7402,6391,18488,11857,10513
"05000US21067","Fayette County, KY",170600,165500,170200,181200,193100,193300,4817,3428,4061,4598,7059.999999999999,5884
"05000US48187","Guadalupe County, TX",162400,165900,173900,182300,190000,210200,8402,4481,7899.999999999999,7211.999999999999,6349,6273
"05000US21059","Daviess County, KY",112400,121400,117500,138900,136200,142500,5273,7627.999999999999,7019,8823,7041,6082
"05000US12115","Sarasota County, FL",172600,186600,217500,235600,253000,261400,6932,8297,7560,7473.000000000001,9816,11270
"05000US51510","Alexandria city, VA",462500,520300,541700,578500,573200,561800,26838,29972.000000000003,33398,30715,28732,28536.000000000003
"05000US21047","Christian County, KY",111700,112800,104500,113200,122800,122600,22977,11736,9198,10377,11593,14589
"05000US48201","Harris County, TX",133100,142100,156000,166600,174000,187100,1809,1984,2208,1766,1673,2437
"05000US21037","Campbell County, KY",149600,157600,164100,166000,180500,177500,8182,8802,9626,8716,10650,10718
"05000US12117","Seminole County, FL",165200,183600,196000,229900,236400,267400,6846,8857,6569,6127,8813,6383
"05000US21029","Bullitt County, KY",150100,143700,147200,156600,164600,173600,9723,8763,6926,6045,6054,8956
"05000US48203","Harrison County, TX",100200,108900,109700,107500,141700,138300,11263,22805,15744.999999999998,15893.999999999998,16452,26760
"05000US21015","Boone County, KY",175300,181300,185700,178600,191500,195800,8319,7444,9031,9029,8935,8272
"05000US12119","Sumter County, FL",218800,224200,243500,249500,259000,255200,15250.000000000001,10719,9527,12903,10417,10894
"05000US51199","York County, VA",295300,306000,309600,337100,328500,326000,15380.999999999998,18837,15836,18726,15752,13582
"05000US20209","Wyandotte County, KS",90000,87200,89300,93300,108400,107200,3797.9999999999995,3736,4033,4080,4960,7575
"05000US48209","Hays County, TX",191400,183400,203900,222500,234400,246900,13463,8443,14667.999999999998,10815,8852,9160
"05000US20177","Shawnee County, KS",121000,121900,129300,135600,131100,136000,5352,5123,5152,5241,6580,5365
"05000US12127","Volusia County, FL",123400,133700,141900,162700,173300,193800,4301,5061,4778,3676,3402,4416
"05000US20173","Sedgwick County, KS",123600,128600,129900,132700,141600,147700,3506.0000000000004,2922,3410.0000000000004,2711,3259,3701
"05000US48213","Henderson County, TX",90500,86600,108800,100400,116000,106300,6629,10068,6194,12485,20222,9580
"05000US12131","Walton County, FL",,,,224000,227900,256000,,,,18697,20531,34301
"05000US20161","Riley County, KS",174100,183100,187400,193400,200900,216200,17472,12655,12385,13924.999999999998,15744.999999999998,18638
"05000US20103","Leavenworth County, KS",169000,160300,170500,174700,177600,196000,14686,10686,9418,11740,13251,17715
"05000US48215","Hidalgo County, TX",79400,79400,81700,85200,86100,87500,2316,2779,2803,2550,2795,3387.9999999999995
"05000US13013","Barrow County, GA",112400,117300,140800,142300,156400,169300,4935,4698,7464,5805,5128,5261
"05000US51179","Stafford County, VA",312100,315000,318800,337500,346400,348900,11400,10060,9193,8799,9004,7746
"05000US20091","Johnson County, KS",214900,221400,230900,242900,255200,277300,4596,3289,4196,4126,5357,4906
"05000US20045","Douglas County, KS",186400,175700,179700,192500,211600,208100,6454,9793,12833,9701,14920,14491
"05000US48231","Hunt County, TX",89900,85500,112400,102700,137300,144100,12757,4502,9420,9493,10946,12212
"05000US13015","Bartow County, GA",131400,117100,144400,155700,165400,177900,7976,6163,10539,8468,8195,9352
"05000US20015","Butler County, KS",125600,145600,142600,145200,153400,148200,7746,11673,8865,12666,9683,16210
"05000US19193","Woodbury County, IA",103300,103200,113900,120100,123200,128100,5829,7103,6154,6632,12272,9369
"05000US48245","Jefferson County, TX",94800,94600,101000,108300,107200,125800,4754,3443,5692,5459,6767,7431.000000000001
"05000US13021","Bibb County, GA",123000,110600,106600,113000,117400,125300,10574,8317,8089.000000000001,11089,8142,9600
"05000US51177","Spotsylvania County, VA",241100,249500,269600,275400,285900,295400,11850,12062,9304,8636,8624,11174
"05000US19169","Story County, IA",158100,167000,177400,173800,200300,191300,8861,6140,11299,11606,13125,9312
"05000US19163","Scott County, IA",146600,144600,154200,162000,158800,171300,6188,4855,5346,5784,5329,5490
"05000US48251","Johnson County, TX",108300,118000,135300,141900,154200,163800,8160,8654,11926,9154,8591,11581
"05000US13031","Bulloch County, GA",123400,114000,140500,147400,135400,146700,9989,15525.000000000001,18099,11711,13202,19293
"05000US19155","Pottawattamie County, IA",121600,129100,136400,136400,141500,141700,4760,7849.999999999999,8035,6847,5935,6748.000000000001
"05000US19153","Polk County, IA",156600,161000,159800,171800,180700,189200,3529.9999999999995,3223,3219,3046,5336,5620
"05000US48257","Kaufman County, TX",150000,127300,145600,163400,182300,190100,8031.999999999999,11435,11844,7746,9183,13605.999999999998
"05000US13045","Carroll County, GA",105600,121700,125400,123500,132800,143400,8088,9954,10709,9890,11657,8249
"05000US51165","Rockingham County, VA",201900,207800,193800,215700,221700,209000,13779,14810,8692,14662.000000000001,12930,12684
"05000US19113","Linn County, IA",145400,151000,149600,151700,157600,157200,4576,5299,4798,5485,3987.0000000000004,4560
"05000US19103","Johnson County, IA",197100,205100,196900,238000,226400,236300,9689,9490,9629,11108,7722,13735.999999999998
"05000US48291","Liberty County, TX",89000,80900,106100,94300,99200,115700,16437,7672.999999999999,14422,10346,10953,10998
"05000US13047","Catoosa County, GA",135200,129100,137500,142100,137900,142300,10301,9178,5427,7335,12046,11614
"05000US19061","Dubuque County, IA",146100,147200,161700,161600,167600,167100,6129,4520,4932,5631,5678,6767
"05000US19049","Dallas County, IA",190500,213600,205700,234700,243300,269600,11908,12569,13847,17391,17353,15404
"05000US48303","Lubbock County, TX",106700,113300,124500,134900,137700,148600,6010,4724,5407,8376,4895,7817.000000000001
"05000US13051","Chatham County, GA",174800,165900,176500,176200,192500,213400,9227,5256,9574,13807,13629,12404
"05000US51161","Roanoke County, VA",182200,190100,191200,205400,196700,196400,8816,6014,7318.999999999999,8650,7425,8249
"05000US19013","Black Hawk County, IA",127800,134700,140500,141800,153300,143900,7458.000000000001,5807,6770.999999999999,4898,4501,7500
"05000US18177","Wayne County, IN",87900,90700,102400,98700,105900,92000,7612.999999999999,7181,7702,6706,7664,7779
"05000US48309","McLennan County, TX",113300,117800,124500,124800,139800,160300,7520.999999999999,4751,6490,6786,7480,5297
"05000US13057","Cherokee County, GA",187300,183200,223200,236100,251100,264000,10813,8586,9341,9006,10630,10031
"05000US18167","Vigo County, IN",90500,90000,88000,100100,93900,98200,5851,8696,5864,7104.999999999999,9615,9640
"05000US18163","Vanderburgh County, IN",113600,119700,118600,124700,131700,139300,6588,6041,6168,6609,6139,6425
"05000US48329","Midland County, TX",162800,168100,198000,190400,202100,215300,10604,9941,11808,12735,15547,11698
"05000US13059","Clarke County, GA",141800,150000,153300,170400,167300,191800,10825,10184,7983,11436,10383,9936
"05000US51153","Prince William County, VA",339800,341000,369600,366000,378800,394800,8843,8610,7004,8130,7909,6745
"05000US18157","Tippecanoe County, IN",133300,143400,144100,151100,149800,158600,8811,7882.000000000001,7560.999999999999,7691,6927.999999999999,7798
"05000US18141","St. Joseph County, IN",104200,112800,122600,126900,126600,136500,4818,4245,4838,5826,5510,6499
"05000US48339","Montgomery County, TX",171300,187200,201300,225600,235400,245000,6392,12043,10095,10005,9824,11161
"05000US13063","Clayton County, GA",78200,85700,91200,94900,103500,116700,3679,3271,5417,4485,5666,6117
"05000US18127","Porter County, IN",166200,165200,174700,177400,189800,189500,5174,6007,7093,6226,7478.000000000001,5537
"05000US18109","Morgan County, IN",135400,140400,156900,147100,163600,158400,11497,8450,7235,10294,11698,8662
"05000US48347","Nacogdoches County, TX",122200,103500,107100,119200,141600,144400,26707,20618,17687,23900,18619,20135
"05000US13067","Cobb County, GA",182700,203600,224300,234100,254300,278700,5602,7338.999999999999,4936,6981,6812.999999999999,6048
"05000US51121","Montgomery County, VA",187400,206800,212400,221500,238300,215600,13483,18902,21342,24867,18697,17488
"05000US18105","Monroe County, IN",158600,163000,163500,169000,171800,184800,7175,7479,9236,7570.999999999999,9360,11385
"05000US18097","Marion County, IN",116300,117500,122400,128300,137400,142700,2125,2544,2047,2467,2389,2756
"05000US48355","Nueces County, TX",107300,112500,122200,130800,138600,141100,5109,6503,5462,7709,4996,5745
"05000US13073","Columbia County, GA",173700,171800,185500,189800,201000,217500,10725,8021.999999999999,7453.000000000001,9490,14267,10387
"05000US18095","Madison County, IN",96300,89300,88400,92900,94200,107200,4662,3067,3079,4607,4388,4371
"05000US18091","LaPorte County, IN",125200,128300,126000,124200,131300,133600,7983,5713,10070,8390,8515,8761
"05000US48361","Orange County, TX",108700,96600,107100,105300,107100,119500,11140,6601,5866,8846,10778,17418
"05000US13077","Coweta County, GA",175200,189400,187400,188600,213800,233700,9771,8336,7274.000000000001,11920,10675,11963
"05000US51107","Loudoun County, VA",438300,474600,477700,482700,508800,533500,12006,11364,10398,8886,12378,12498
"05000US18089","Lake County, IN",135800,134600,138900,148100,147200,154000,3947,3367,3160,5011,4063.0000000000004,4567
"05000US18085","Kosciusko County, IN",128100,145600,141100,142400,154900,145500,9069,10488,11829,12035,14204.999999999998,7083
"05000US48367","Parker County, TX",153600,172800,166700,177100,216100,241300,18129,13620.999999999998,13739,14530,14847.000000000001,18676
"05000US13089","DeKalb County, GA",154800,158800,176800,200500,199800,235100,6349,6283,7629,8914,8962,8396
"05000US18081","Johnson County, IN",139300,147800,148400,151500,164700,178700,6512,9197,6106,8081,6866,10418
"05000US18067","Howard County, IN",98000,101500,100800,109400,98500,122900,6321,6222,7974.000000000001,7220,7612,8693
"05000US48375","Potter County, TX",90400,85300,91300,87800,91200,92500,5150,4287,4698,4426,8100,6891
"05000US13095","Dougherty County, GA",96900,102800,100900,90000,101400,104100,11346,12661,10381,10233,9156,11814
"05000US51095","James City County, VA",300800,325600,332700,326200,347400,351000,19998,20103,22191,18168,16364,15941
"05000US18063","Hendricks County, IN",155900,168700,169500,174100,186700,199100,6081,6747,7771,8187,7672.999999999999,10916
"05000US18059","Hancock County, IN",154900,164300,154700,169000,160500,177600,8230,6674,8552,6667,7388,12088
"05000US48381","Randall County, TX",148500,152700,154800,161600,173900,172600,6180,7676,6428,6619,9625,4462
"05000US13097","Douglas County, GA",111600,123300,133300,158900,161300,170700,8574,9830,8982,9400,5662,6356
"05000US18057","Hamilton County, IN",225000,233100,235500,244100,266500,280100,6621,8610,7458.000000000001,8285,10432,9640
"05000US18053","Grant County, IN",77500,86100,84900,94100,99600,84500,3932,3944.9999999999995,4988,6093,14064.000000000001,7610.000000000001
"05000US48397","Rockwall County, TX",173200,193500,233200,243000,266400,284700,9221,10307,15028,12475,11636,11058
"05000US13113","Fayette County, GA",230300,238400,240500,277500,280600,293900,9659,10642,14541,15265.999999999998,10762,11942
"05000US51087","Henrico County, VA",213400,218000,229700,223900,239000,254100,6429,8775,6687,7949.000000000001,7528.000000000001,9519
"05000US18043","Floyd County, IN",155200,160300,159900,164900,170700,174600,8128,7378,7749,7024,13498,9235
"05000US18039","Elkhart County, IN",119300,125900,134900,129300,143900,152800,3985.9999999999995,4544,4762,5822,5652,5389
"05000US48409","San Patricio County, TX",89800,103600,128500,106100,120900,133500,6647,7976.999999999999,12113,14291,13308,9467
"05000US13115","Floyd County, GA",115500,132200,120600,119700,135000,128200,11391,11220,9362,13870.000000000001,8243,14009.000000000001
"05000US18035","Delaware County, IN",85700,88300,94100,91900,92100,96000,3461,6336,7308.999999999999,5177,6574,6380
"05000US18019","Clark County, IN",121400,129500,137500,136800,137200,154600,5383,5770,5116,5676,4640,6386
"05000US48423","Smith County, TX",127700,147000,145500,153100,155900,168300,7699,9241,8824,7069.999999999999,9919,7914
"05000US13117","Forsyth County, GA",253100,276800,299200,323100,349500,351900,10947,7873,10542,8977,7742,8005
"05000US51085","Hanover County, VA",262100,257600,269400,266500,291600,294700,9768,8105,9521,10800,10203,9095
"05000US18011","Boone County, IN",,,,,221600,244900,,,,,17837,21884
"05000US18005","Bartholomew County, IN",129800,132400,136800,147500,148500,155700,10518,7209.000000000001,6855.000000000001,9608,13114,12233
"05000US18003","Allen County, IN",110600,113600,123100,121300,133100,132400,3209,3166,3276,3150,3892,3474
"05000US13121","Fulton County, GA",231800,248800,274700,288900,306200,333200,8471,9176,10902,12620,13640.999999999998,10629
"05000US48439","Tarrant County, TX",138800,145200,153200,168500,186200,210000,2457,1854.0000000000002,2289,2937,3046,3703.0000000000004
"05000US17201","Winnebago County, IL",116600,108200,117800,117400,118300,121800,3408.9999999999995,3573,3558,3483,3646.9999999999995,4186
"05000US17199","Williamson County, IL",102400,108500,97400,109800,126600,121200,9039,9888,8732,9705,8069.000000000001,10618
"05000US13127","Glynn County, GA",146000,151600,172500,174600,170700,185400,15158,17678,22625,16252.000000000001,18727,17879
"05000US51069","Frederick County, VA",222300,229000,247500,243600,243200,265300,19046,19403,14214.000000000001,16122,12521,14465
"05000US48441","Taylor County, TX",95800,110400,114300,108200,122100,130300,7287,7782.000000000001,6228,10062,9613,10680
"05000US17197","Will County, IL",203000,209400,213700,224600,230300,242800,4402,4728,3772,4017.0000000000004,3761,4005
"05000US17183","Vermilion County, IL",72000,76400,73800,79900,77900,85000,4283,4088.0000000000004,5359,5725,4630,6132
"05000US13135","Gwinnett County, GA",159300,172900,183200,194500,220000,232600,4673,3554.9999999999995,4644,3653.0000000000004,4478,4227
"05000US48451","Tom Green County, TX",110800,96800,124300,139900,140400,155000,6936,7814.999999999999,10302,8591,14417,12119
"05000US17179","Tazewell County, IL",130100,136900,138900,141400,140400,142700,5924,5572,6268,6328,4994,6655
"05000US17167","Sangamon County, IL",130900,132200,133700,140300,140100,143600,6017,4880,5361,4376,6885.000000000001,7343
"05000US13139","Hall County, GA",160900,156400,173600,184000,195600,217900,5717,7911,7737.999999999999,12059,8331,10713
"05000US51061","Fauquier County, VA",357000,367100,373000,372200,390100,418400,15365.000000000001,17181,12475,19008,19357,23675
"05000US48453","Travis County, TX",231700,245600,277100,304100,321400,355200,4557,5151,7452,7959.000000000001,7756,6193
"05000US17163","St. Clair County, IL",119500,123600,115000,132700,128500,132200,5387,5335,6397,9974,8403,6559
"05000US17161","Rock Island County, IL",111100,115900,113400,117000,117300,118100,6819,4951,3866,3957,4124,5444
"05000US13151","Henry County, GA",130600,139700,153300,174900,169600,185400,7111,7883,8103,8538,4661,10288
"05000US48469","Victoria County, TX",116600,123600,134100,145800,140300,144400,5341,10233,9596,17085,16520,11007
"05000US17143","Peoria County, IL",124200,125000,136500,130500,130900,137000,5706,6494,4549,5461,7819,9212
"05000US17119","Madison County, IL",126300,128200,130300,137700,131600,136600,5178,5416,5292,5983,6534,7869
"05000US13153","Houston County, GA",128700,134300,134400,141800,129800,143900,9766,9658,7976.999999999999,10827,10817,9452
"05000US48471","Walker County, TX",100600,145400,100500,147200,156400,169400,25354,16388,33257,28568.999999999996,21861,22497
"05000US13157","Jackson County, GA",,,,,186500,203800,,,,,14154.000000000001,14159.000000000001
"05000US51059","Fairfax County, VA",490900,519300,544900,553200,567000,569000,5909,8735,8091,6914,6988,7009.999999999999
"05000US17115","Macon County, IL",96100,95100,98200,99300,97000,102100,4976,6143,4957,6555,5473,4953
"05000US17113","McLean County, IL",160300,161600,168500,164300,167200,173700,4112,5322,5165,5060,3990.9999999999995,5223
"05000US48479","Webb County, TX",107800,108600,117600,114000,133200,122300,4895,5834,4520,6435,7315,6842.999999999999
"05000US17111","McHenry County, IL",196400,210900,205300,216700,227900,233200,4873,5333,5648,4328,5652,5366
"05000US17099","LaSalle County, IL",121300,121700,131400,122700,135300,126300,4992,7297,5456,5830,9567,8449
"05000US13185","Lowndes County, GA",125600,121500,139200,137800,133500,145500,10499,9020,10503,13775.000000000001,12498,9840
"05000US51041","Chesterfield County, VA",206700,216900,221100,231600,240500,246800,5698,5197,6116,3982.0000000000004,6323,6025
"05000US48485","Wichita County, TX",88100,91300,98400,95000,100700,99500,3792.9999999999995,6207,8001,6463,6236,8361
"05000US17097","Lake County, IL",236600,247500,258100,264100,262600,269300,5851,6170,6929,6021,9136,7580.999999999999
"05000US17093","Kendall County, IL",186200,202000,210500,220300,239200,239500,10938,12143,10324,10454,8733,12734
"05000US13215","Muscogee County, GA",134500,138700,137000,150400,139000,141700,8885,6977.000000000001,8187,8610,7392,8330
"05000US48491","Williamson County, TX",187900,212300,227000,242000,272500,283000,4950,4373,3868.9999999999995,4932,4245,5807
"05000US17091","Kankakee County, IL",135100,136700,136300,140000,151100,147300,7851,10340,7293.999999999999,5535,9047,7305
"05000US48497","Wise County, TX",,,,,160800,175700,,,,,6580,16616
"05000US13217","Newton County, GA",103300,112000,128000,142200,148500,165200,11762,6276,12828,13531.999999999998,9524,7485.999999999999
"05000US51019","Bedford County, VA",192700,202400,198500,200300,198900,205400,10022,13765.999999999998,13880.999999999998,11432,13578,14343.000000000001
"05000US17089","Kane County, IL",201700,218000,229000,232700,237200,246000,7737,8412,7639,5651,6932.999999999999,6621
"05000US17043","DuPage County, IL",271300,279200,293500,300000,308800,317800,4040.9999999999995,3995.9999999999995,4353,5037,4837,4784
"05000US49005","Cache County, UT",186200,192900,203400,216000,218400,258500,8157,6391,8130,9154,10829,11573
"05000US13223","Paulding County, GA",124200,140300,147800,158800,170400,190100,7413.999999999999,8459,7328,5135,5422,8813
"05000US17037","DeKalb County, IL",160600,168600,162600,168400,169800,178800,7428.999999999999,7702.999999999999,5883,6709,8071,8866
"05000US17031","Cook County, IL",209700,213600,230900,234400,247600,255900,2328,2533,2600,2553,2208,2659
"05000US49011","Davis County, UT",224800,230600,243900,258600,282800,317300,5481,4650,5169,6687,7669,7148
"05000US13245","Richmond County, GA",94800,102400,102200,101600,101800,108500,6896,6454,4932,6998,7336.000000000001,9281
"05000US51015","Augusta County, VA",197500,206200,198900,213500,211700,225200,12418,16312.999999999998,12435,11796,13011,19225
"05000US17019","Champaign County, IL",147300,145500,157800,161500,169200,167400,6118,5489,5025,7357,8303,6809
"05000US17001","Adams County, IL",108800,112300,117600,130500,128200,137800,5769,7919.999999999999,6155,10009,11386,12036
"05000US49035","Salt Lake County, UT",229200,241500,256800,273700,301700,336500,3287,3628,4022.0000000000004,4259,5022,4545
"05000US13247","Rockdale County, GA",129400,137500,149100,166100,155800,178000,22811,11700,9403,11354,11448,15049
"05000US16083","Twin Falls County, ID",146100,149100,139900,160500,162300,183900,9516,8561,8592,7949.000000000001,7128,16551
"05000US13255","Spalding County, GA",,,,,119100,138300,,,,,13720.000000000001,13867
"05000US49045","Tooele County, UT",,,,,224000,238500,,,,,6992.000000000001,10826
"05000US16055","Kootenai County, ID",170800,192100,197700,239600,263500,276500,5432,10319,8392,11816,12112,13901
"05000US16027","Canyon County, ID",114100,129700,149200,153100,177300,190500,5614,5841,7143,6651,5796,7151
"05000US13285","Troup County, GA",115200,115200,125300,133400,140200,138200,16599,9787,11532,11849,25845,13561.000000000001
"05000US51013","Arlington County, VA",598200,604600,655000,678100,735100,707000,22618,20032,27058,27286,31064,30634
"05000US49049","Utah County, UT",221900,238800,253400,278000,297900,332900,3802,4051.9999999999995,4806,5603,6043,6693
"05000US16019","Bonneville County, ID",153100,157500,166200,165300,170900,198900,5261,7535,4940,5120,7341.000000000001,10533
"05000US16005","Bannock County, ID",145300,139600,151500,146100,156900,165800,8817,7999.000000000001,6774,8243,8232,6474
"05000US13295","Walker County, GA",93300,100700,126200,113400,120500,106400,13961,14300,13261,7253,14929,12236
"05000US49053","Washington County, UT",204300,221800,231400,266200,279800,313000,18341,10030,9294,11271,12190,12131
"05000US16001","Ada County, ID",180900,197800,218900,232500,256400,296800,7568.000000000001,6661,6811,6093,8923,6369
"05000US15009","Maui County, HI",471800,534100,569300,600800,641500,629500,19571,29813.999999999996,27663,22337,21519,19696
"05000US13297","Walton County, GA",139900,154800,161300,168900,187300,214900,20265,9709,9266,6819,9998,14780
"05000US51003","Albemarle County, VA",319300,343900,324700,331700,336200,389100,19591,26410,19529,21050,24415,23826
"05000US49057","Weber County, UT",168000,171400,172200,189400,221000,245500,3832,4198,4405,6539,6992.000000000001,5824
"05000US15007","Kauai County, HI",498300,492000,495900,558000,560600,627800,46048,28525,25433,42078,38571,29933.999999999996
"05000US15003","Honolulu County, HI",573800,590600,629900,658900,680200,701200,10097,8350,7682.999999999999,9489,10050,11942
"05000US13313","Whitfield County, GA",119800,118600,130600,127900,132400,131000,10439,8084.000000000001,9923,9193,15010,10538
"05000US50007","Chittenden County, VT",273900,269300,282800,292900,293800,301200,8248,8351,8475,10594,13289,13322
"05000US15001","Hawaii County, HI",291900,304600,321400,325000,344800,368200,12137,16470,18509,15794.000000000001,18072,15928.999999999998
"05000US13179","Liberty County, GA",120500,118600,118300,135200,,,10585,8638,9461,9179,,
"05000US21195","Pike County, KY",73200,70800,73400,,,,6513,10142,6467,,,