ID Geography,County,State,Income (2013),Income (2014),Income (2015),Income (2016),Income (2017),Income (2018),Income (2013),Income (2014),Income (2015),Income (2016),Income (2017),Income (2018)
05000US16001,Ada County, ID,52542,57716,57399,61301,60858,66405,2576,2289,3548,2253,2286,2660
05000US08001,Adams County, CO,54878,59659,63493,66033,66517,70743,2563,2189,2145,2488,3293,2761
05000US17001,Adams County, IL,41327,45606,46528,51624,48679,56699,3704,2118,3451,3570,2270,6791
05000US42001,Adams County, PA,59029,61543,61023,59300,63107,62284,3276,3279,2894,4465,3396,4307
05000US45003,Aiken County, SC,42259,48882,47219,45945,50749,51932,3480,2528,3967,3347,4117,3306
05000US12001,Alachua County, FL,38454,45228,47895,45304,44676,51241,2549,3823,2900,3195,2593,1859
05000US37001,Alamance County, NC,42512,39576,39541,45100,45150,49979,2279,2701,2483,2609,4637,2410
05000US06001,Alameda County, CA,72399,77214,81717,89979,96296,102125,1724,1363,1387,1905,2453,1678
05000US36001,Albany County, NY,55778,60655,57042,61754,66204,64435,2267,2074,2650,2996,3583,4607
05000US51003,Albemarle County, VA,70312,64722,70589,71975,77181,78584,3366,5683,5007,6336,6277,9204
05000US51510,Alexandria city, VA,86775,86809,90056,87920,100530,101215,6064,5554,4336,4411,2853,6379
05000US26005,Allegan County, MI,56077,53796,55250,57846,62853,61353,3157,4285,2598,4103,4369,4986
05000US24001,Allegany County, MD,40165,39653,38281,45606,42019,42068,3867,2797,4078,3344,2605,4611
05000US42003,Allegheny County, PA,51424,52400,54467,56140,58625,59899,735,943,1565,1150,1400,1518
05000US18003,Allen County, IN,45006,48521,49754,51173,52484,54260,2091,1631,1991,1460,1531,1554
05000US39003,Allen County, OH,43030,42701,50332,47592,51542,49063,3327,3862,3322,4051,2912,4501
05000US02020,Anchorage Municipality, AK,79045,76337,78662,85634,79166,83648,4404,3965,3684,4164,4990,5039
05000US45007,Anderson County, SC,41135,42837,43558,45090,48593,51699,2067,2195,3928,2758,2388,3046
05000US47001,Anderson County, TN,40907,47821,42744,46055,48109,50616,3019,5538,3992,5106,5663,3864
05000US23001,Androscoggin County, ME,44127,48007,50338,49081,48286,49697,3784,3884,3380,3530,3350,4884
05000US48005,Angelina County, TX,42750,42156,49768,41161,45326,47519,5249,3581,8084,7072,5733,5773
05000US24003,Anne Arundel County, MD,86230,87217,91230,96483,97085,97814,2655,2986,2067,3531,3840,3563
05000US27003,Anoka County, MN,70800,70915,73382,76533,79169,82492,2110,2072,3020,2408,2396,2757
05000US04001,Apache County, AZ,29180,33076,29417,34685,31671,30207,2521,3818,2892,3764,3206,4317
05000US08005,Arapahoe County, CO,60956,65327,67002,70950,75357,76768,1387,1919,1550,1990,1972,1960
05000US72013,Arecibo Municipio, PR,16151,16325,16033,18516,17740,18360,1562,1445,1379,3164,2290,1921
05000US51013,Arlington County, VA,102501,109266,106768,110388,117237,122394,3666,4862,6543,5159,6537,4383
05000US42005,Armstrong County, PA,43191,44946,44477,47398,45949,49950,3230,4049,3980,3699,4339,4831
05000US23003,Aroostook County, ME,36825,35439,36596,39450,43015,38233,2313,2070,1734,3015,3358,2514
05000US22005,Ascension Parish, LA,75308,66576,76632,76581,70561,79495,8085,5876,6799,7119,5700,6924
05000US39007,Ashtabula County, OH,40839,39079,44511,42965,44173,46349,2047,2530,2492,3297,4775,4931
05000US39009,Athens County, OH,,,36511,36193,44247,36944,,,6000,4196,6280,5460
05000US34001,Atlantic County, NJ,52127,55313,54052,56778,61777,61212,2250,3112,3806,4087,4761,1916
05000US51015,Augusta County, VA,55284,58322,56766,55342,57017,59820,3534,2675,5655,5129,5341,4497
05000US01003,Baldwin County, AL,44874,48461,52003,56732,55342,56813,4150,3434,2709,3829,5225,3367
05000US24510,Baltimore city, MD,42266,42665,44165,47350,47131,51000,1216,2198,2247,1793,1583,1530
05000US24005,Baltimore County, MD,64795,68257,68775,72764,73805,76182,2089,2555,2630,2308,2827,2205
05000US16005,Bannock County, ID,42174,44018,41530,48429,51612,50748,2570,3235,3062,2865,5017,4161
05000US25001,Barnstable County, MA,61026,65384,66102,67898,71235,68902,2089,3611,1965,2935,3113,4776
05000US13013,Barrow County, GA,56051,47834,53156,54256,59994,61225,4902,3506,3987,3064,4894,5874
05000US18005,Bartholomew County, IN,52505,53002,54447,59102,61533,62047,7233,3777,3806,5718,5328,5285
05000US13015,Bartow County, GA,45191,53675,50572,51405,54218,57380,4164,5380,3941,5617,6243,10657
05000US48021,Bastrop County, TX,48652,53631,63129,56508,72107,69067,6460,7506,9381,7795,10428,13636
05000US12005,Bay County, FL,45594,44775,48259,49157,52415,52107,2519,3732,2868,2719,3474,3292
05000US26017,Bay County, MI,41281,46844,46560,44756,44770,50606,4157,3219,4139,3736,3119,2471
05000US72021,Bayamón Municipio, PR,23741,25271,24810,24128,25815,24873,1157,1665,1964,1630,3315,1596
05000US45013,Beaufort County, SC,57122,54996,60257,65919,58847,65607,4787,3378,4069,3010,3693,2684
05000US42007,Beaver County, PA,49937,51222,50128,55221,54923,54660,2986,1496,3553,2403,1953,4327
05000US51019,Bedford County, VA,57000,56996,54062,56479,66327,64084,5448,5291,4922,6188,2678,7730
05000US48027,Bell County, TX,50656,51221,48908,52275,52479,54495,1939,1309,2327,2302,3660,2274
05000US39013,Belmont County, OH,38224,42079,46113,48220,54253,50250,4060,3573,2472,6748,3043,5562
05000US05007,Benton County, AR,56570,56981,58770,63631,63746,67164,2597,3951,3471,3028,2820,4406
05000US41003,Benton County, OR,47808,52486,52852,55459,60260,63773,4436,6621,5818,3522,4579,6403
05000US53005,Benton County, WA,58997,58093,62484,62508,63346,68115,2392,2708,3256,4039,4028,6558
05000US34003,Bergen County, NJ,81670,84677,89023,93683,94107,100361,1288,3148,3201,2945,3217,1745
05000US45015,Berkeley County, SC,50475,52427,56548,59153,57147,62994,2905,2404,3331,2330,3814,4337
05000US54003,Berkeley County, WV,55134,58754,53548,57357,59142,59328,4834,4414,5590,6466,4237,3479
05000US42011,Berks County, PA,56043,56059,56122,59286,61058,62564,2243,1775,1984,2689,1432,1967
05000US25003,Berkshire County, MA,52514,50211,50765,58418,57054,60476,2831,3586,4206,5018,4642,5979
05000US35001,Bernalillo County, NM,48257,47134,47747,50601,51005,51208,2330,1491,1565,1229,1389,1594
05000US26021,Berrien County, MI,44747,44031,46649,47083,48629,51262,2770,2353,2911,2222,2715,3548
05000US48029,Bexar County, TX,49769,50760,52286,53210,54175,54149,1120,929,978,1108,1295,1409
05000US13021,Bibb County, GA,36327,35397,38605,36724,37444,40495,3148,2170,3220,3032,3457,3567
05000US19013,Black Hawk County, IA,45666,51685,50169,50470,49779,51920,2254,2794,2399,3444,2471,2147
05000US42013,Blair County, PA,42164,44019,45432,43443,45957,49942,3453,4070,3540,3931,2207,5629
05000US47009,Blount County, TN,44351,46819,49134,51183,50675,58809,3521,3013,4032,2059,2864,4446
05000US27013,Blue Earth County, MN,51858,48850,48350,53869,56716,58616,3000,4541,3720,4393,5416,4771
05000US16019,Bonneville County, ID,49884,49626,53355,59706,53478,58729,2598,4159,3651,2968,4297,5261
05000US18011,Boone County, IN,,,,,81785,81145,,,,,5801,11373
05000US21015,Boone County, KY,64414,65736,67047,72374,78415,77429,3592,5494,5443,5179,3942,6686
05000US29019,Boone County, MO,48953,50085,50520,52752,51340,54356,3513,3082,3306,4636,2776,3368
05000US22015,Bossier Parish, LA,51796,50704,56140,48163,49038,55922,3249,2963,5480,3262,4843,5906
05000US08013,Boulder County, CO,71604,71540,72009,74615,80834,83755,2063,3599,5099,3337,3127,3581
05000US48037,Bowie County, TX,41142,40493,40662,45997,50573,47134,3266,6851,5314,4711,3994,4912
05000US47011,Bradley County, TN,42722,42563,42922,44853,48857,50560,3788,4452,3065,3202,5506,3023
05000US48039,Brazoria County, TX,66250,74799,71251,74799,82229,73623,3987,3396,4797,4290,4477,4248
05000US48041,Brazos County, TX,37913,40973,44270,41559,45155,50110,3111,2685,4055,2142,3309,2278
05000US12009,Brevard County, FL,46472,47907,50416,51184,52540,57888,1836,1770,1739,1372,1332,2522
05000US25005,Bristol County, MA,53501,58057,60183,66027,67842,66205,2118,2313,2260,2804,2763,2009
05000US36005,Bronx County, NY,33009,33712,35176,37525,37397,38467,1597,1709,1392,1266,1444,1864
05000US36007,Broome County, NY,45560,46776,46152,50463,47758,51125,2594,2902,2449,2339,2719,2910
05000US08014,Broomfield County, CO,,,84921,84349,90939,95800,,,6022,7092,6648,12625
05000US12011,Broward County, FL,50446,51608,53926,54212,56842,57278,817,1046,1562,1603,1319,1415
05000US55009,Brown County, WI,51160,53392,54802,57783,60793,61651,2183,2473,2975,2645,2502,2049
05000US37019,Brunswick County, NC,47334,46721,46640,50692,56181,60496,3780,3161,4671,3689,3843,2848
05000US29021,Buchanan County, MO,43895,46764,49302,48550,46052,55020,3438,4247,2805,4632,3086,5055
05000US42017,Bucks County, PA,73594,77917,80575,79936,84749,88569,2419,2234,2276,2520,3007,1738
05000US21029,Bullitt County, KY,60264,54690,53434,65359,62319,58119,5721,3854,3629,5413,3856,5591
05000US13031,Bulloch County, GA,36153,32841,33477,43982,42138,44179,2799,5906,3878,4583,5934,5008
05000US37021,Buncombe County, NC,46431,47671,44619,50685,50040,53980,2756,2147,2447,1692,2324,3551
05000US37023,Burke County, NC,33379,37086,42970,40345,40274,43663,2947,4504,3000,3323,3809,5097
05000US38015,Burleigh County, ND,64388,68339,65079,64558,69193,71172,5833,6526,4522,5530,5236,6473
05000US34005,Burlington County, NJ,77398,80896,74800,80254,87673,84889,2511,2035,3113,2473,3575,3734
05000US20015,Butler County, KS,55647,58791,60714,60182,64149,64898,2781,5736,3993,2865,8713,6088
05000US39017,Butler County, OH,55958,58730,58785,63273,64023,60589,2983,2366,3289,2522,2260,2147
05000US42019,Butler County, PA,58233,60782,68848,66426,68934,66423,2840,2807,3255,2434,2943,3855
05000US06007,Butte County, CA,42752,42365,45644,45177,49061,51652,2438,2303,1880,3768,3182,3471
05000US37025,Cabarrus County, NC,54307,54347,56853,63386,61490,69679,3801,3305,4253,4370,3300,3685
05000US54011,Cabell County, WV,39019,34046,38839,38823,33750,38162,5967,2044,3816,4641,4699,3504
05000US49005,Cache County, UT,48587,51556,50518,58003,52828,59248,3267,1713,3997,4292,4383,5589
05000US22017,Caddo Parish, LA,39683,39315,41040,37104,36165,39077,2325,3666,2358,2496,2246,3143
05000US72025,Caguas Municipio, PR,23583,24145,22686,24198,22377,27714,2156,2009,2635,1887,1719,3251
05000US22019,Calcasieu Parish, LA,42625,45742,45767,45962,52319,49113,4020,2976,2871,3065,2930,3354
05000US37027,Caldwell County, NC,32386,37876,38708,36301,45033,42257,2726,3773,3094,3557,5018,3342
05000US01015,Calhoun County, AL,36205,41428,42346,41687,46763,45818,3402,2300,2538,3903,3173,5781
05000US26025,Calhoun County, MI,44520,46088,43084,45902,45386,47204,3406,2381,2719,2822,2270,3791
05000US24009,Calvert County, MD,94196,95110,106247,98732,100590,107884,7032,8601,10881,9520,11000,6073
05000US42021,Cambria County, PA,41423,43224,44179,44100,46598,45084,2522,2148,2002,3096,2609,3675
05000US34007,Camden County, NJ,58006,62330,65025,66362,66196,67523,3347,2612,3754,2427,2791,2954
05000US48061,Cameron County, TX,34374,32093,34074,37061,36975,38378,1851,1534,2696,2142,2807,2327
05000US21037,Campbell County, KY,53323,50872,51208,62536,61379,59524,2571,4360,1767,3917,4427,5064
05000US40017,Canadian County, OK,63549,68552,62045,67177,74720,70204,2619,2886,3100,4907,6463,3579
05000US16027,Canyon County, ID,41941,43250,42786,48437,47324,53374,2314,2369,4325,2510,2436,3161
05000US29031,Cape Girardeau County, MO,42760,47438,49731,50223,51140,49844,3697,4349,5191,2712,6506,5372
05000US34009,Cape May County, NJ,60560,56899,57116,62548,66953,67007,4810,4079,4361,5723,4018,8412
05000US42025,Carbon County, PA,44017,50023,57387,51676,49647,53227,2715,2779,6858,6430,6819,6209
05000US72031,Carolina Municipio, PR,25988,28792,27039,28055,30822,25189,1482,1494,2829,1543,2508,2573
05000US13045,Carroll County, GA,45682,40744,43410,51228,50100,51545,2693,4762,4354,4497,7022,4567
05000US24013,Carroll County, MD,82955,85274,84887,90343,93676,97430,3838,3579,4071,4775,5125,6092
05000US37031,Carteret County, NC,45231,48881,51048,51206,52807,54833,3526,3377,4260,4429,3163,3190
05000US27019,Carver County, MN,82333,83594,92653,92455,101271,100324,6813,7343,5242,4773,6215,9410
05000US30013,Cascade County, MT,43947,42170,45606,45138,47713,49948,3493,3538,3301,3057,3956,3119
05000US29037,Cass County, MO,64144,60849,62561,63420,64595,71114,4418,2092,3340,4182,4240,6282
05000US38017,Cass County, ND,52015,52604,53728,59240,64704,62418,2942,2951,4282,4401,4451,6561
05000US37035,Catawba County, NC,42859,44677,40450,48913,53539,53454,3715,2760,2006,3680,2789,4144
05000US13047,Catoosa County, GA,51608,52412,51012,55717,53231,56364,2983,5790,1400,6820,7627,11612
05000US36009,Cattaraugus County, NY,40362,44320,40016,46842,48484,48179,2751,3350,2369,3719,3625,3100
05000US36011,Cayuga County, NY,50154,53780,53146,54995,56599,52376,3887,2675,3745,4267,3700,4473
05000US24015,Cecil County, MD,66090,61940,70676,74221,74912,74452,4802,3589,4327,7881,7308,5986
05000US42027,Centre County, PA,53207,51367,56337,60266,55895,57333,4446,2696,4927,3374,3787,5312
05000US17019,Champaign County, IL,45682,46776,50252,50335,50281,52725,2942,3141,3765,2837,2869,2147
05000US24017,Charles County, MD,88797,88803,88700,95735,97986,94368,3640,5522,3640,4892,8556,8186
05000US45019,Charleston County, SC,51694,53308,57079,56827,60555,63459,2126,2837,2656,2249,3263,3872
05000US12015,Charlotte County, FL,43698,43039,45492,44200,52070,52927,1777,2406,2325,2614,2752,2153
05000US13051,Chatham County, GA,45263,50718,49252,53964,55352,55308,2147,1874,2406,3230,2521,4956
05000US37037,Chatham County, NC,56550,54229,55642,62961,57770,74959,3787,5527,6175,5276,7340,7082
05000US36013,Chautauqua County, NY,40413,41808,44460,42204,46079,45479,2140,1825,2933,2801,2670,2258
05000US35005,Chaves County, NM,45753,39696,38044,40960,44899,43941,4308,4771,6011,4319,4270,5849
05000US53007,Chelan County, WA,51101,50177,56890,52080,61615,57132,2605,6746,5321,8980,8398,5313
05000US36015,Chemung County, NY,45237,50232,53119,51269,51194,53005,3751,3882,3960,2894,4868,3786
05000US13057,Cherokee County, GA,64705,69711,74104,77950,76368,82069,5024,4741,4169,4271,4351,3450
05000US51550,Chesapeake city, VA,67252,66712,67491,72928,76629,80265,4158,1986,4112,4369,4106,4113
05000US33005,Cheshire County, NH,51945,56652,61780,56364,61257,59186,3307,4699,3733,6952,3786,6476
05000US42029,Chester County, PA,83633,85373,90503,92407,96656,99119,3372,3319,2326,2657,3279,3319
05000US51041,Chesterfield County, VA,66881,72878,75131,76059,80800,80655,2371,3077,3150,3368,4925,3052
05000US50007,Chittenden County, VT,64958,62004,67997,68843,64444,75852,5982,3447,3672,5710,5029,5634
05000US21047,Christian County, KY,45206,35755,39827,41140,43940,38448,5471,2516,2251,4263,3786,3428
05000US29043,Christian County, MO,51342,51692,53730,53172,59161,56717,4185,2366,4238,4634,4596,4486
05000US12017,Citrus County, FL,40015,35671,40294,39206,43548,39964,3181,2376,3717,4485,2964,4030
05000US41005,Clackamas County, OR,66758,65316,69629,74891,79878,81278,2466,2903,2898,3232,3062,2579
05000US53009,Clallam County, WA,46566,46469,44929,48587,47907,59001,3259,4951,4018,5198,3155,5412
05000US18019,Clark County, IN,50760,52674,51828,51401,52036,56307,2586,2827,3901,2832,2892,4841
05000US32003,Clark County, NV,51057,51214,51552,54384,57189,57076,747,745,864,1187,970,1052
05000US39023,Clark County, OH,43742,41729,47963,46811,46665,49875,2930,1303,3106,3343,3411,2161
05000US53011,Clark County, WA,57588,61741,64275,69062,74747,74060,2105,1371,2931,2069,2965,2478
05000US13059,Clarke County, GA,31551,29996,31284,34999,39825,42232,2671,2144,2592,5430,4230,2154
05000US12019,Clay County, FL,57757,58153,58676,56315,65247,61825,4052,4131,3398,2720,3957,3284
05000US29047,Clay County, MO,60541,61384,65090,65430,66938,68269,2255,2851,2071,4249,4300,3849
05000US13063,Clayton County, GA,40754,43287,42120,45252,45172,46646,2159,1555,3354,2895,2880,3495
05000US42033,Clearfield County, PA,39236,39592,44666,47352,48581,46205,3627,2878,3345,4313,3188,4126
05000US39025,Clermont County, OH,61702,62554,62054,60661,65632,64526,1894,2631,3565,2390,3671,2905
05000US37045,Cleveland County, NC,40581,37433,38885,36992,37205,40690,2344,4953,4073,2520,3323,3708
05000US40027,Cleveland County, OK,54340,58286,59336,61288,61213,62096,2732,3422,2592,2080,2020,2547
05000US26037,Clinton County, MI,59569,58453,63764,65730,62175,69522,5876,4322,4365,3138,5514,5035
05000US36019,Clinton County, NY,43892,53575,45377,55316,58234,56704,5665,4245,3652,4840,4388,5379
05000US13067,Cobb County, GA,63086,67043,70246,70947,75654,78894,2094,2084,2131,2173,2939,3138
05000US04003,Cochise County, AZ,46647,45688,43291,45508,51816,50495,3806,2754,4853,3151,5252,3862
05000US04005,Coconino County, AZ,50637,49757,53152,55091,54893,61843,4486,5462,4204,4663,4668,3885
05000US29051,Cole County, MO,50780,51210,56855,55303,52609,63568,4791,2516,4688,3448,5105,4309
05000US12021,Collier County, FL,54406,58026,62126,61228,66048,69867,4231,2918,2536,3372,3069,3962
05000US48085,Collin County, TX,80273,86040,86217,89638,94933,96051,2542,2639,2184,2679,2291,3181
05000US12023,Columbia County, FL,45220,38520,47808,42019,40811,48848,4578,3616,6031,5563,5463,6174
05000US13073,Columbia County, GA,72167,66925,75440,72737,74164,82024,5368,3491,6599,6630,4654,5183
05000US42037,Columbia County, PA,46530,48540,42599,49186,51726,50601,3772,4507,4486,4210,3449,2735
05000US39029,Columbiana County, OH,42100,42640,41887,47864,41818,43745,3513,3345,2127,4294,3128,3359
05000US48091,Comal County, TX,72759,62389,67363,77425,71060,76203,4468,7351,6448,4726,5692,3800
05000US40031,Comanche County, OK,41488,47235,47587,51164,51059,52089,3674,4394,3680,5828,2197,2973
05000US06013,Contra Costa County, CA,79100,80361,83104,91045,95339,101618,3132,1989,2818,1609,2701,1585
05000US17031,Cook County, IL,53827,55069,56851,60046,61405,63353,876,652,656,784,665,1098
05000US48099,Coryell County, TX,51217,47042,45998,51125,52769,46131,2705,4682,5477,3069,3443,7895
05000US13077,Coweta County, GA,61351,59506,67351,71220,72787,69240,6140,4473,5719,3653,6539,4495
05000US53015,Cowlitz County, WA,48417,42223,49949,50637,49456,59225,3560,2904,3647,4377,2785,4614
05000US05031,Craighead County, AR,41134,42691,40085,43678,50422,44810,4065,3605,5153,3284,3825,2712
05000US37049,Craven County, NC,44963,43380,48145,49938,51789,50509,2920,2773,3100,2997,3141,5078
05000US42039,Crawford County, PA,44575,44598,46574,45410,50657,51502,2616,3003,2722,3154,4174,2768
05000US40037,Creek County, OK,44469,47286,46665,43609,46877,55264,3948,4072,4325,4159,2555,3117
05000US01043,Cullman County, AL,39936,38261,37862,39411,45044,44612,3154,4000,2318,3647,5645,3562
05000US23005,Cumberland County, ME,54780,61992,64215,65913,71975,72452,2675,2436,3365,2317,3598,3523
05000US37051,Cumberland County, NC,43609,42248,42107,45205,43759,46716,2349,1350,1521,1922,1587,1524
05000US34011,Cumberland County, NJ,45978,45339,51315,49110,52627,52795,2820,2682,2930,6123,4020,6151
05000US42041,Cumberland County, PA,60088,62759,63890,63530,69301,71802,2443,2591,3665,3367,3288,2297
05000US39035,Cuyahoga County, OH,43501,44016,45297,46601,46784,49910,1147,960,1211,898,871,888
05000US27037,Dakota County, MN,73475,76213,77196,78662,80832,86302,3805,1680,3264,2894,1758,2510
05000US19049,Dallas County, IA,78837,77412,78634,75899,88561,83990,6441,6881,6323,8802,6088,5477
05000US48113,Dallas County, TX,47810,50076,51799,54399,56718,59839,1000,932,630,1091,1077,1022
05000US55025,Dane County, WI,60081,61582,65202,70796,72268,71582,1450,1791,1743,1998,1767,1545
05000US45031,Darlington County, SC,31674,34651,33922,36841,37465,33521,4326,3902,5820,3892,5418,3888
05000US42043,Dauphin County, PA,53816,52975,54232,60331,61622,57814,2220,2580,2426,1898,2044,3342
05000US37057,Davidson County, NC,38803,42201,46150,45678,46802,45320,2459,3089,3215,2558,2946,3911
05000US47037,Davidson County, TN,47150,47993,52026,54855,58490,60856,1241,1833,1366,2291,2466,1690
05000US21059,Daviess County, KY,47252,41685,48791,51764,49507,50934,3165,3098,4671,4455,4074,2857
05000US49011,Davis County, UT,70335,70440,72016,76905,80301,84358,2668,2717,2163,3556,2881,3128
05000US01049,DeKalb County, AL,40876,35023,36559,35963,39373,36998,7020,7253,4410,3259,5580,4416
05000US13089,DeKalb County, GA,49796,50542,54057,56109,61827,64461,2166,1308,2666,2380,2120,3851
05000US17037,DeKalb County, IL,52867,56450,55471,59285,59942,63085,5077,3251,5589,4292,5181,4518
05000US18035,Delaware County, IN,36402,39323,40606,41041,41255,41662,2314,3122,2163,3086,2643,3947
05000US39041,Delaware County, OH,84159,96949,96410,101693,106933,99881,6238,4512,4514,6016,4294,6082
05000US42045,Delaware County, PA,64822,62993,67584,67950,73854,72045,2699,2886,2587,3102,1771,2186
05000US48121,Denton County, TX,74981,74196,75649,80613,86291,88117,1989,2431,1704,2154,2400,2773
05000US08031,Denver County, CO,51089,54941,58003,61105,65224,68377,1181,1939,2702,1439,2673,2873
05000US41017,Deschutes County, OR,46791,52006,57373,61870,66273,67577,5216,3650,5618,3790,4568,3751
05000US28033,DeSoto County, MS,58959,58073,60394,64505,66440,68385,2775,3184,2751,4836,6212,3907
05000US11001,District of Columbia, DC,67572,71648,75628,75506,82372,85203,3383,1996,2493,3416,2651,3414
05000US35013,Doña Ana County, NM,36343,39502,39902,37496,37144,35262,3290,2991,2958,3647,3745,3698
05000US55027,Dodge County, WI,51151,53139,55832,55856,56421,63077,1838,3928,3028,3413,3754,5268
05000US45035,Dorchester County, SC,54582,56277,54521,57637,64148,66438,4895,5165,4878,3433,5767,5439
05000US13095,Dougherty County, GA,30504,31755,35645,37222,38712,39659,2668,2312,4204,6000,5782,2972
05000US08035,Douglas County, CO,102961,103226,107650,109292,111482,119615,3740,5337,4820,5323,2620,3572
05000US13097,Douglas County, GA,50281,54826,59329,62445,61094,60829,5225,5073,3442,8124,6558,6317
05000US20045,Douglas County, KS,52150,48565,52964,56345,55646,54668,4124,3490,7149,4195,5864,8815
05000US31055,Douglas County, NE,51728,52505,58359,58990,61531,64390,1477,1649,1758,2319,1844,2481
05000US41019,Douglas County, OR,40605,42000,41428,42889,47746,47004,2587,3139,3670,3357,3337,3312
05000US19061,Dubuque County, IA,51735,56129,58487,60456,61497,60225,2928,4478,3255,4069,3353,3573
05000US17043,DuPage County, IL,76195,80015,81559,84908,89521,93750,1794,1715,1672,2000,2135,3311
05000US37063,Durham County, NC,52488,50504,53495,53832,59891,58073,2605,1763,2972,2167,3454,4023
05000US36027,Dutchess County, NY,70056,71165,71864,74115,77915,80227,4183,2168,3327,3444,4902,3395
05000US12031,Duval County, FL,47906,45779,49554,51980,52062,55832,1603,1395,1344,1228,1385,1959
05000US22033,East Baton Rouge Parish, LA,48463,46778,50519,50508,55326,52947,2797,2572,1433,1582,3196,2809
05000US26045,Eaton County, MI,53328,57087,56005,56211,64522,67195,2606,2357,3609,4309,3421,3731
05000US55035,Eau Claire County, WI,49204,47043,51667,49821,54963,60475,3436,3168,2956,5998,4157,3385
05000US48135,Ector County, TX,55710,58701,65454,53254,55380,64165,4602,6825,4475,5866,4862,6882
05000US06017,El Dorado County, CA,61365,71113,79019,75772,79414,82742,4625,5901,6610,4846,6793,5957
05000US08041,El Paso County, CO,57098,59446,60109,63882,65370,68119,2486,2297,1845,2330,1821,2360
05000US48141,El Paso County, TX,39945,40170,43692,42165,44489,43958,1449,1315,2079,1643,1991,2037
05000US18039,Elkhart County, IN,45387,49937,49556,54216,58960,58350,2212,2239,2221,3235,3870,4112
05000US48139,Ellis County, TX,57880,60294,68095,70210,72138,77794,5448,5499,5167,4248,4357,3774
05000US01051,Elmore County, AL,50699,55530,52502,52579,60558,60796,6535,5844,5977,6661,6672,4766
05000US36029,Erie County, NY,51245,50132,52214,54246,55604,56369,1158,1084,1164,1403,1224,1036
05000US39043,Erie County, OH,46073,48734,47544,48949,54958,49751,2283,4888,2283,5461,3778,4091
05000US42049,Erie County, PA,44292,45560,47386,48964,50614,48007,2013,2075,2957,2297,2082,2624
05000US12033,Escambia County, FL,42877,46655,46001,44788,48631,51050,2312,2021,1907,3629,2800,2367
05000US25009,Essex County, MA,67522,70366,68455,73901,75480,76604,1735,1722,2565,2489,1846,2536
05000US34013,Essex County, NJ,53610,54754,52041,54277,60430,63368,2515,1899,1348,3129,2154,3408
05000US01055,Etowah County, AL,39459,40529,43346,41152,41576,45868,4190,2807,3060,2983,3575,3875
05000US02090,Fairbanks North Star Borough, AK,69113,69820,72975,77328,76747,75448,4914,6748,6660,9603,9653,6638
05000US51059,Fairfax County, VA,111079,110674,113208,115717,118279,122227,2434,1976,2765,2312,3347,2180
05000US09001,Fairfield County, CT,82084,85925,86414,90123,91198,91079,2165,2989,2417,2925,2340,2690
05000US39045,Fairfield County, OH,56286,59933,61291,65316,67310,67144,3105,3571,2353,5128,4670,4196
05000US05045,Faulkner County, AR,49149,51650,50596,48506,47964,51437,5054,4292,3901,5422,5864,6401
05000US51061,Fauquier County, VA,82823,91987,91940,94347,98585,92145,5800,7930,9515,13017,7511,9810
05000US13113,Fayette County, GA,81394,77016,78557,80626,84742,93468,6588,5712,4446,4995,6346,9306
05000US21067,Fayette County, KY,47535,47968,51948,53178,56137,54896,2510,2795,1988,2682,3391,2466
05000US42051,Fayette County, PA,38903,36562,40495,43140,44184,52984,3691,2472,2128,3613,4312,3412
05000US12035,Flagler County, FL,46055,51622,48864,49395,49652,58963,4153,1681,4129,3294,4792,4145
05000US30029,Flathead County, MT,47802,47362,46899,50142,59735,53193,3918,3672,5306,3478,4466,6311
05000US45041,Florence County, SC,41331,43148,40883,46524,42929,48790,3250,4423,2497,4915,4248,3759
05000US13115,Floyd County, GA,37296,41752,40510,49865,45854,38462,4441,4013,2829,6375,5448,7386
05000US18043,Floyd County, IN,57401,52819,58096,58586,60690,66391,4405,3058,5865,3807,4597,8953
05000US55039,Fond du Lac County, WI,54198,51717,57620,58310,61417,57415,3942,1687,3994,3711,2912,4122
05000US28035,Forrest County, MS,35422,38904,33779,37275,42389,38837,4237,3773,4493,6881,6217,2737
05000US13117,Forsyth County, GA,86052,85639,94537,100909,102084,104687,4032,2390,7799,3710,3101,3626
05000US37067,Forsyth County, NC,45580,45220,46477,48271,50185,49166,2317,2329,2388,2215,2145,2108
05000US48157,Fort Bend County, TX,88023,87973,95389,90680,90845,91931,3770,5196,4332,2488,4185,2956
05000US25011,Franklin County, MA,52339,55572,58613,57106,58824,59248,3176,4936,3148,3645,5335,3708
05000US29071,Franklin County, MO,50502,51682,48694,55359,55290,58209,7412,3381,3568,3803,4024,4916
05000US37069,Franklin County, NC,,,,,54825,60598,,,,,12361,5862
05000US39049,Franklin County, OH,51460,53180,53882,56055,59227,60373,1054,1181,1761,1617,1546,1059
05000US42055,Franklin County, PA,54303,49487,57960,60559,60459,61208,2616,3018,5015,4205,2988,6436
05000US53021,Franklin County, WA,56631,57890,59664,57670,64344,60012,8836,5679,3278,5643,7787,8498
05000US24021,Frederick County, MD,84308,84203,83819,90043,92495,95850,3802,3275,2864,3579,5371,4213
05000US51069,Frederick County, VA,69332,66167,71993,69827,72405,80953,3353,6444,5592,6120,9983,9163
05000US06019,Fresno County, CA,43925,43423,46949,48715,51800,52629,1374,2016,1781,2081,1826,2017
05000US13121,Fulton County, GA,55914,55807,60291,63510,65037,70930,1843,1746,1760,2970,1922,1226
05000US30031,Gallatin County, MT,58809,50238,57535,61211,60901,68266,4130,3828,2338,3899,6676,4170
05000US48167,Galveston County, TX,60869,57991,69190,64939,70494,73840,2762,4710,5423,5174,3067,4662
05000US05051,Garland County, AR,39589,41032,37013,42826,46101,42779,3856,3008,1968,5424,4988,5468
05000US37071,Gaston County, NC,41728,41011,44293,48711,49670,52741,2306,2380,2436,2615,2683,2986
05000US39055,Geauga County, OH,66428,72001,75895,76384,82741,82784,6328,2543,6179,6248,4981,7392
05000US26049,Genesee County, MI,41249,41682,44025,43955,46298,48127,1596,1194,1840,1291,1490,2040
05000US34015,Gloucester County, NJ,71355,79704,77565,79879,86496,81849,2905,2504,3735,3469,5201,5053
05000US13127,Glynn County, GA,41502,47333,46125,48926,50998,55196,6023,3464,4448,5963,4340,6061
05000US33009,Grafton County, NH,56370,57210,58183,61520,64420,66358,5530,6238,4624,6883,5474,6277
05000US38035,Grand Forks County, ND,49248,49532,51264,50008,47496,52853,3616,4465,4755,4822,3975,3368
05000US26055,Grand Traverse County, MI,50830,57312,55013,58532,60601,66163,2387,4453,3323,6576,5476,4706
05000US18053,Grant County, IN,38665,39851,38645,37117,44768,44839,3135,3340,3295,4061,3519,3343
05000US53025,Grant County, WA,46728,51949,51667,48335,58644,53057,4277,3655,3855,3255,6533,8791
05000US53027,Grays Harbor County, WA,41315,43356,44122,49623,47445,48255,4597,2589,5518,3998,4076,6637
05000US48181,Grayson County, TX,44378,52058,48126,52095,56718,51158,2905,5130,3971,2229,5443,1866
05000US29077,Greene County, MO,37779,39611,43675,42062,45117,43771,1841,2305,2262,2331,2451,2361
05000US39057,Greene County, OH,59872,58396,59803,62018,67923,67680,4635,4388,4656,3278,3759,4864
05000US47059,Greene County, TN,35981,36694,34768,41109,37920,47383,1834,3365,3121,2427,6194,6574
05000US45045,Greenville County, SC,49330,49268,51908,55342,55914,61183,1799,2101,1286,2135,2441,1550
05000US45047,Greenwood County, SC,34029,37831,43218,38200,40453,42245,4272,3786,5893,4266,5388,4583
05000US48183,Gregg County, TX,45461,50917,47727,44219,47095,51361,5460,3542,4665,3348,2117,4420
05000US48187,Guadalupe County, TX,58270,61538,64343,68157,66486,74459,4130,3701,3823,3856,3988,3104
05000US72061,Guaynabo Municipio, PR,34649,32064,36446,32240,24792,36309,4190,2961,5800,4216,6245,5073
05000US37081,Guilford County, NC,45726,44069,47786,47262,52098,51803,1892,2014,2262,1662,1617,1793
05000US13135,Gwinnett County, GA,58917,59492,61732,67155,68914,72184,1850,2640,1089,2308,2341,3183
05000US13139,Hall County, GA,44998,52519,55009,54917,61977,61699,3722,3598,4485,3829,3608,3283
05000US18057,Hamilton County, IN,81958,88155,90613,89823,93604,100209,3399,4009,3083,4238,3168,3812
05000US39061,Hamilton County, OH,46967,48770,50990,53229,55048,57189,1177,1611,1200,2012,1943,1602
05000US47065,Hamilton County, TN,47415,48379,48580,47898,51302,57280,3063,1867,2897,2625,3226,2712
05000US25013,Hampden County, MA,48845,49211,51514,51544,51726,52372,2497,2276,1365,1964,1535,2376
05000US25015,Hampshire County, MA,65190,56079,60583,64354,67989,76966,6303,4808,3849,5239,4837,5397
05000US51650,Hampton city, VA,43785,47312,51867,50435,54062,55466,3768,3293,4923,2213,4246,2859
05000US18059,Hancock County, IN,65421,67485,69968,67799,70473,71653,8594,4376,5041,7663,7356,5509
05000US39063,Hancock County, OH,46382,50898,54709,52810,51360,60788,3401,2290,3752,6613,3381,5046
05000US51085,Hanover County, VA,77424,83756,82085,83135,90066,91309,7041,6877,3633,4739,3991,4928
05000US21093,Hardin County, KY,48035,50900,49229,52148,51167,50981,3355,4508,3571,3807,6673,3713
05000US24025,Harford County, MD,77765,79649,78050,84175,80476,88603,3672,2687,4013,3973,3982,4240
05000US37085,Harnett County, NC,45533,44880,48960,51637,51479,51022,2927,4136,4107,2500,2319,3118
05000US48201,Harris County, TX,52489,54178,56629,56377,58645,60232,807,971,861,770,1340,813
05000US28047,Harrison County, MS,42070,40846,42297,42770,47365,45042,2689,2149,2831,3173,3154,3009
05000US48203,Harrison County, TX,39701,49490,42958,46548,53394,50561,4302,8527,6175,6437,6354,7915
05000US54033,Harrison County, WV,41698,41333,48285,47204,58082,46569,3049,2627,5144,5809,6870,5693
05000US09003,Hartford County, CT,63603,65894,69622,69433,70429,73151,2317,1553,2485,2355,2069,2472
05000US15001,Hawaii County, HI,48399,52788,60033,55750,57545,57571,5565,2428,5620,3382,4124,6578
05000US48209,Hays County, TX,58987,59085,58870,64658,65667,65943,3120,3316,6163,3596,4375,6224
05000US37089,Henderson County, NC,44036,47335,47021,54963,51078,53706,2561,4163,2794,3613,2285,3606
05000US48213,Henderson County, TX,38493,41112,47906,44088,44971,42020,5099,2211,4685,4408,6416,3855
05000US18063,Hendricks County, IN,67535,66989,73050,78307,70991,80582,3693,7401,2816,5014,6800,2383
05000US27053,Hennepin County, MN,64379,64433,68935,71200,74592,76052,1438,1640,1423,1308,1454,1331
05000US51087,Henrico County, VA,59944,62460,66085,66337,67185,68069,2113,2442,4072,3541,2475,2848
05000US13151,Henry County, GA,59097,58242,65342,66905,67018,73541,3426,5509,3581,3194,3000,4842
05000US12053,Hernando County, FL,39193,40255,43590,47253,44892,45977,2676,2661,2292,2686,2744,2937
05000US48215,Hidalgo County, TX,35098,34801,35730,36176,37106,39165,1606,2019,1885,1801,1502,2282
05000US12055,Highlands County, FL,33811,36120,34242,36490,35543,39796,1919,2619,1880,2471,4864,4437
05000US12057,Hillsborough County, FL,49597,50796,51725,54588,54731,58480,1319,896,917,1430,1448,1738
05000US33011,Hillsborough County, NH,67574,71422,74323,76254,78769,78978,3400,1770,3667,2139,3317,2930
05000US28049,Hinds County, MS,33719,38543,39002,43657,45658,45459,2333,2099,3258,2627,3816,2574
05000US15003,Honolulu County, HI,73388,74634,77273,80513,81284,84423,1774,1827,1894,1671,1533,2235
05000US45051,Horry County, SC,42075,43001,47541,45621,45680,49047,1971,1704,1764,1849,2208,2005
05000US01069,Houston County, AL,39006,39543,43553,42321,44529,48105,2192,2187,2295,2690,1889,3174
05000US13153,Houston County, GA,49660,51054,55044,62493,58525,58965,4978,5118,5517,2938,5725,9295
05000US18067,Howard County, IN,44265,47159,46793,45702,49346,55868,4320,4890,2667,5865,5417,4619
05000US24027,Howard County, MD,109476,107490,110892,120941,111473,116984,4667,6436,4159,5102,2666,5415
05000US34017,Hudson County, NJ,56079,58479,60530,63808,67154,74414,1860,2567,1857,2273,3928,2617
05000US06023,Humboldt County, CA,42092,40598,40484,43130,46494,50294,4572,3137,2044,2715,6096,3616
05000US48231,Hunt County, TX,44303,42038,46048,53962,55786,55248,3833,3839,5942,4698,5329,7653
05000US34019,Hunterdon County, NJ,110457,103605,102122,113684,112038,111269,8455,5738,4025,5897,8168,5996
05000US22045,Iberia Parish, LA,39793,46290,46365,41424,40019,42994,4554,3571,5189,2269,5695,6020
05000US06025,Imperial County, CA,43310,39290,40852,49095,47211,48984,4644,5526,4329,6911,7435,5118
05000US12061,Indian River County, FL,42401,46238,49379,49072,49177,57508,3147,4403,2380,2243,4304,5021
05000US42063,Indiana County, PA,45266,42431,46990,42962,46237,49448,2585,3282,4818,2499,1736,5506
05000US26065,Ingham County, MI,44569,45616,47082,49139,50896,52691,2336,1729,2450,2110,2289,2097
05000US37097,Iredell County, NC,49488,54384,55949,55891,55690,59341,2841,3056,3282,2898,2848,3233
05000US26073,Isabella County, MI,37488,41931,40838,41868,44100,46198,3565,3494,2859,2998,4549,4282
05000US53029,Island County, WA,51893,59934,60532,64813,59644,64793,3484,4322,4366,3464,9028,5553
05000US13157,Jackson County, GA,,,,,66557,73150,,,,,6894,6737
05000US26075,Jackson County, MI,43668,45371,50783,50009,50258,51031,3721,4125,2819,3641,2434,3187
05000US29095,Jackson County, MO,46768,45874,48212,50815,52552,55929,1727,1886,1883,1099,1584,1493
05000US28059,Jackson County, MS,47891,47822,45596,54606,48284,50546,2054,3437,2345,4114,3931,4577
05000US41029,Jackson County, OR,43363,44918,43948,48563,51409,56546,3149,2894,3862,2982,1369,3735
05000US51095,James City County, VA,73632,72622,73968,83455,87910,83190,6813,7760,6739,6845,5349,7866
05000US29097,Jasper County, MO,40967,39886,44314,45786,47981,46617,2255,4050,2530,3874,4510,2662
05000US01073,Jefferson County, AL,45013,44646,48492,50180,50709,55206,1634,1783,2203,1412,1231,1872
05000US05069,Jefferson County, AR,34689,32433,35381,37712,37678,35652,3798,5327,4557,5678,3787,4936
05000US08059,Jefferson County, CO,68201,70714,71136,74186,80616,85890,2063,1353,1553,2299,1879,2850
05000US21111,Jefferson County, KY,47488,48210,51259,51991,55044,55851,1371,1513,1032,1398,1859,1522
05000US29099,Jefferson County, MO,55089,59327,58704,61559,62228,65246,3051,2910,2940,2159,3289,2857
05000US36045,Jefferson County, NY,46683,51086,51107,45624,47101,53146,3783,3265,2803,3116,2551,2976
05000US39081,Jefferson County, OH,37012,40293,44194,44257,43675,40308,3174,4379,3191,3519,3999,4922
05000US48245,Jefferson County, TX,41838,40652,48005,45390,47657,47177,1914,1704,2780,3553,2587,3730
05000US55055,Jefferson County, WI,51235,55675,62399,58703,56675,65651,2930,4330,4404,8253,4116,4231
05000US22051,Jefferson Parish, LA,46576,46961,49576,49678,51494,50766,1704,1876,1682,2091,1691,1697
05000US19103,Johnson County, IA,51606,60254,55913,58064,61011,63035,3153,4974,4719,3481,2210,5241
05000US18081,Johnson County, IN,57245,55201,68744,65991,70339,68209,3884,4852,4087,5709,5033,5082
05000US20091,Johnson County, KS,73737,75679,82892,80553,82855,86746,1924,2063,1848,1816,2622,2056
05000US48251,Johnson County, TX,56253,55739,58758,59895,62482,62390,2728,5260,4606,5145,5160,4913
05000US37101,Johnston County, NC,50492,48851,52234,54719,58111,60132,2893,3197,2712,3625,4887,2600
05000US28067,Jones County, MS,33915,36374,32856,43350,39310,49393,5718,6692,4126,7902,3179,13557
05000US41033,Josephine County, OR,38298,36870,41493,36472,44426,48315,3368,4979,3378,4670,5612,4590
05000US26077,Kalamazoo County, MI,45854,45148,52164,53138,56025,55416,2243,2553,2476,2610,3066,2455
05000US54039,Kanawha County, WV,46325,44186,45028,45001,42197,41141,1788,3147,2361,4011,3770,1809
05000US17089,Kane County, IL,72108,72541,70359,73347,75628,79818,2875,2858,2220,3577,1941,3099
05000US17091,Kankakee County, IL,49761,58378,53850,54911,58539,51404,3843,3790,4128,4196,4136,4829
05000US15007,Kauai County, HI,60155,64847,77140,71344,83860,80921,7082,7803,5263,10599,7083,6949
05000US48257,Kaufman County, TX,65258,56098,58141,62033,65841,66668,7703,5849,8677,3465,5643,6153
05000US17093,Kendall County, IL,74859,90072,85979,90482,91250,89862,5275,7860,6932,5300,13199,6276
05000US23011,Kennebec County, ME,44724,44633,51335,51573,53073,51653,3473,4575,3359,3712,5997,4570
05000US55059,Kenosha County, WI,51013,52787,55845,59417,61073,65330,2790,4290,3181,3379,3724,4457
05000US10001,Kent County, DE,54794,55227,56778,54140,57608,54419,2991,3222,3480,3724,3112,3658
05000US26081,Kent County, MI,51992,53304,54340,59668,61125,61537,1328,1394,1682,1454,1409,1661
05000US44003,Kent County, RI,65631,62261,65931,63101,75143,68994,5330,4638,3347,4419,5538,5028
05000US21117,Kenton County, KY,53761,54300,52043,62182,58595,64441,2590,4612,1956,3228,3804,4256
05000US06029,Kern County, CA,46879,47644,51342,49903,49854,51579,2311,2483,1312,1490,2063,1968
05000US45055,Kershaw County, SC,,,,,50010,51467,,,,,3601,4058
05000US53033,King County, WA,71834,75834,81916,86095,89675,95009,1072,1400,1129,1584,1863,1914
05000US06031,Kings County, CA,45774,42784,45746,53234,57555,61663,3036,4703,4090,4518,4750,4835
05000US36047,Kings County, NY,47520,47966,51141,55150,56942,61220,1145,1220,566,1015,1151,1083
05000US53035,Kitsap County, WA,62672,61794,66090,69171,73026,76945,2671,2426,3036,3935,2517,2750
05000US41035,Klamath County, OR,36885,39148,43952,45604,38916,45354,3491,3951,4687,2907,5638,6187
05000US47093,Knox County, TN,49165,46860,52229,52102,55266,55632,1923,1943,1724,1867,1750,2280
05000US16055,Kootenai County, ID,54919,48776,47860,51765,57219,55236,4995,3141,3182,2515,3627,3717
05000US18085,Kosciusko County, IN,51221,53825,52888,53963,63463,55253,2685,2552,4206,5089,3939,3797
05000US55063,La Crosse County, WI,51551,48872,49933,54823,57033,60905,3961,3229,3902,5399,2738,3798
05000US42069,Lackawanna County, PA,45295,45265,48518,47475,49172,53302,2190,2507,2355,2392,2720,2473
05000US22055,Lafayette Parish, LA,57949,51060,51981,49969,52265,60071,6015,1900,2099,3598,4721,5749
05000US22057,Lafourche Parish, LA,52373,41842,52589,51772,52283,50296,7257,4383,2973,3490,5811,6243
05000US06033,Lake County, CA,37079,34529,37294,42029,48930,48554,12116,4804,6505,5116,4806,7587
05000US12069,Lake County, FL,44026,47191,50305,50226,51383,52096,2669,2460,2768,2812,2892,2877
05000US17097,Lake County, IL,74869,77772,82113,83152,85895,87133,2536,2728,2047,2281,3172,2087
05000US18089,Lake County, IN,48302,50852,50582,53681,54981,55154,2335,1399,1357,1814,1847,2149
05000US39085,Lake County, OH,54906,58721,60810,61870,59618,65835,3500,2882,1842,1976,3364,2222
05000US31109,Lancaster County, NE,52019,51766,53807,58845,59306,57650,1899,1427,2565,2631,2973,2916
05000US42071,Lancaster County, PA,56922,57403,59262,61335,63407,66277,1819,1924,2192,1450,1840,1352
05000US45057,Lancaster County, SC,38500,44412,45676,56216,61914,57224,3452,3913,4251,7785,9153,7340
05000US41039,Lane County, OR,43459,44877,47318,47777,50654,53172,2925,2158,2893,2087,1839,1686
05000US26087,Lapeer County, MI,52960,50860,57762,54309,55866,65561,5542,2190,4864,3759,4030,3698
05000US18091,LaPorte County, IN,46506,45744,45838,53507,50736,51584,4073,2877,4206,4244,4742,2691
05000US56021,Laramie County, WY,61661,57551,60599,62221,61961,64306,3836,6018,9360,5272,5584,4928
05000US08069,Larimer County, CO,59052,56575,64919,66469,69102,71091,2807,2946,2845,2777,4798,2818
05000US17099,LaSalle County, IL,48552,50432,51936,57476,56896,51838,4244,4407,3227,4428,2370,4294
05000US01077,Lauderdale County, AL,43891,40309,42577,43427,45352,49014,1975,3318,2346,3414,7058,5747
05000US28075,Lauderdale County, MS,32217,40333,37676,42364,46983,37971,3872,7910,3403,5101,6277,4051
05000US45059,Laurens County, SC,35406,37638,39474,44038,40377,41452,3778,3982,3347,3446,4920,2619
05000US42073,Lawrence County, PA,43425,45356,42921,46918,49967,47853,4057,2683,4341,3692,5164,4659
05000US35025,Lea County, NM,56191,61351,56260,55636,55952,50871,4628,3591,7142,6114,5789,4798
05000US20103,Leavenworth County, KS,68266,66779,60423,68299,70920,71071,5839,5124,3631,6891,2788,9320
05000US42075,Lebanon County, PA,55973,54068,52571,57248,57372,61362,3091,2745,2598,3200,2879,2879
05000US01081,Lee County, AL,46068,39932,46589,48056,52943,46456,4329,3096,2849,3169,5656,5092
05000US12071,Lee County, FL,46383,49055,50651,52909,53928,56129,1342,1539,1121,1336,1861,1578
05000US28081,Lee County, MS,42882,43204,39581,42235,55886,53062,5186,3044,6262,3560,6429,6832
05000US42077,Lehigh County, PA,54244,58603,56452,60498,60871,62278,3578,1609,2084,1978,2209,2680
05000US26091,Lenawee County, MI,45938,46739,48279,51918,56515,55378,2554,3911,2553,3667,4031,2931
05000US12073,Leon County, FL,46859,44824,46002,51107,51642,50682,2283,2663,1944,1771,1730,1986
05000US30049,Lewis and Clark County, MT,54954,53435,58796,63475,60404,65241,4774,3337,7603,6463,6356,5668
05000US53041,Lewis County, WA,40601,43575,48179,45523,49827,61058,2373,5037,4864,5044,3926,6257
05000US45063,Lexington County, SC,53990,53980,55227,57382,60181,60154,2203,3130,2239,2703,2497,2955
05000US13179,Liberty County, GA,39140,41812,36573,45138,,,3247,2696,3641,6981,,
05000US48291,Liberty County, TX,41711,44188,55152,42877,45614,51955,5473,4757,5298,6584,7711,4132
05000US39089,Licking County, OH,54875,57654,59883,58685,62883,67784,2663,3459,4339,2823,4902,6341
05000US01083,Limestone County, AL,48639,49672,55009,50872,55817,67000,4044,4555,4759,3338,6134,5606
05000US37109,Lincoln County, NC,49079,48131,46884,49453,54361,63782,4731,3531,3558,2505,5737,8483
05000US19113,Linn County, IA,56151,62984,57073,64639,63149,64103,1942,2904,2921,3775,3233,3291
05000US41043,Linn County, OR,45130,43428,47527,51310,51541,54113,3551,4024,4013,4689,3895,4736
05000US09005,Litchfield County, CT,70981,73756,70667,76993,78436,76043,3524,2740,3725,4879,4388,3838
05000US26093,Livingston County, MI,70707,73819,76455,78038,80733,82884,1792,2533,2328,3658,3708,3407
05000US36051,Livingston County, NY,52061,48456,53441,53121,55931,61609,4206,3828,5497,4382,3445,5259
05000US22063,Livingston Parish, LA,52246,60466,58677,56534,60471,64067,3751,4886,5422,6967,5405,6299
05000US05085,Lonoke County, AR,56635,54545,56893,55837,51835,53782,3443,4640,5864,5596,4595,5869
05000US39093,Lorain County, OH,52687,52082,52373,54504,54932,58613,2262,2024,1923,2205,2102,3346
05000US06037,Los Angeles County, CA,54529,55746,59134,61338,65006,68093,645,585,671,427,756,802
05000US51107,Loudoun County, VA,116848,122294,125003,134464,135842,139915,3677,3167,4693,4862,3329,4772
05000US13185,Lowndes County, GA,35317,38733,34455,41449,41156,34886,3864,4433,4082,3572,4622,6770
05000US48303,Lubbock County, TX,47309,46076,47897,49136,47317,50505,2417,2113,3179,2409,3580,3058
05000US39095,Lucas County, OH,40245,42132,42594,44534,47308,47360,1705,1342,1738,2306,1624,1964
05000US42079,Luzerne County, PA,45190,44311,50301,46580,51332,54433,1992,1654,1922,2118,1659,2634
05000US42081,Lycoming County, PA,47373,45161,51455,49052,50909,55045,3113,2589,4223,1874,3449,3741
05000US51680,Lynchburg city, VA,40477,40594,39374,41264,45239,42389,2798,3382,3181,4948,5158,4427
05000US26099,Macomb County, MI,52851,54792,54640,60143,60380,62107,1461,1437,1808,1298,1494,1400
05000US17115,Macon County, IL,45957,47574,48040,46198,51970,50066,2504,3416,2949,4254,3085,2977
05000US06039,Madera County, CA,39758,42433,47150,51657,51283,56305,3435,3906,3872,5660,5033,7392
05000US01089,Madison County, AL,58076,58339,58636,60503,62312,63111,2427,3599,2732,4000,2634,2754
05000US17119,Madison County, IL,54101,54438,52664,56035,57890,59987,3060,3107,2030,3576,3034,2925
05000US18095,Madison County, IN,40913,45134,45257,45495,43060,49615,1760,2401,2249,3748,4092,2986
05000US21151,Madison County, KY,45316,43973,45383,43840,50893,52047,3695,7137,5762,3686,3031,3657
05000US28089,Madison County, MS,66400,67746,67907,64350,68336,75992,7629,6625,9874,5551,6217,3574
05000US36053,Madison County, NY,52300,51873,60286,60630,57069,59678,5299,3738,3760,5537,6307,3687
05000US47113,Madison County, TN,39523,42412,47801,41791,45013,45360,3024,3611,3835,2879,4711,3510
05000US39099,Mahoning County, OH,40843,41134,41910,42295,43389,47962,2180,1444,2163,2049,2099,2964
05000US12081,Manatee County, FL,48309,52031,50835,51748,55268,59956,2368,1753,1636,1843,2415,2429
05000US55071,Manitowoc County, WI,47181,45136,50302,51752,54785,54393,1759,3861,3400,3996,3345,4245
05000US55073,Marathon County, WI,51635,53300,55687,54774,58173,62890,1300,3973,2915,3526,3936,4032
05000US04013,Maricopa County, AZ,52045,53896,56004,58737,62223,65252,553,933,681,865,528,806
05000US06041,Marin County, CA,96580,95749,100662,103845,113908,126373,5921,8275,4929,6102,6554,7822
05000US12083,Marion County, FL,38695,39958,40050,39383,43910,44576,1652,1822,2058,1632,1793,2607
05000US18097,Marion County, IN,41345,42557,41226,44874,47344,47780,820,962,804,1483,1405,1777
05000US39101,Marion County, OH,41849,39233,40607,42826,44766,43008,3405,4441,4465,4098,4252,3378
05000US41047,Marion County, OR,46873,48620,52047,56550,56354,56341,2651,2448,2667,2391,2213,2610
05000US26103,Marquette County, MI,45011,44267,48259,51275,49008,54779,4111,2902,3506,3112,3188,3349
05000US01095,Marshall County, AL,38116,33446,40525,42362,41476,47528,3568,3712,4053,4050,5921,5990
05000US12085,Martin County, FL,49444,55866,51622,54620,54681,59978,6416,3333,3362,3224,5515,3920
05000US53045,Mason County, WA,,,,,,58094,,,,,,4214
05000US02170,Matanuska-Susitna Borough, AK,72122,73831,76427,69332,69121,72667,3128,3106,5336,4510,5025,5474
05000US15009,Maui County, HI,65558,67013,70497,72257,80241,82885,4563,3605,3128,4699,4971,5477
05000US47119,Maury County, TN,45712,53990,50707,50591,57258,53794,3797,6466,2422,2647,5141,8436
05000US72097,Mayagüez Municipio, PR,15155,14108,13037,14532,14010,11940,2017,1314,1824,2082,2716,1158
05000US21145,McCracken County, KY,41209,36712,51114,39048,49436,47764,3773,5152,7481,4611,4870,5323
05000US17111,McHenry County, IL,75449,76628,80125,81063,86348,85275,3797,3169,4895,3439,3734,5233
05000US35031,McKinley County, NM,24945,27041,28212,31526,31565,34080,3047,4995,2118,4099,1735,3477
05000US17113,McLean County, IL,61846,58061,65304,62156,68274,66256,2810,3985,4253,4964,3928,2941
05000US48309,McLennan County, TX,40633,43609,46602,46860,47267,48713,2855,2854,2034,2324,2992,3338
05000US37119,Mecklenburg County, NC,54278,58841,56883,62978,65588,63967,1664,2090,1011,2159,1706,2090
05000US39103,Medina County, OH,66477,67969,69989,72618,71360,75786,2724,3414,3504,3360,4250,3256
05000US06045,Mendocino County, CA,42042,42660,41896,43809,53024,51830,4562,3536,4606,4761,7273,4580
05000US06047,Merced County, CA,40687,44084,41997,47739,47735,57745,2019,3060,2804,3931,3086,3382
05000US34021,Mercer County, NJ,70857,74961,72417,77650,79173,80632,2063,3786,3054,3580,5088,3738
05000US42085,Mercer County, PA,44222,43574,47051,49890,46785,48847,2323,2579,3130,2483,2769,3649
05000US33013,Merrimack County, NH,65662,62418,68566,69505,70764,75088,4441,3030,2343,2107,3843,3870
05000US08077,Mesa County, CO,46723,50174,51465,48846,52742,49848,4977,4284,2717,4429,3926,3326
05000US39109,Miami County, OH,51581,51087,49156,60170,60910,58486,3576,3175,4038,4305,3661,4610
05000US12086,Miami-Dade County, FL,41913,42926,43786,45935,49930,52205,648,1142,1049,709,1006,953
05000US09007,Middlesex County, CT,75303,75876,83530,79739,79646,89131,5209,5307,4152,3623,6198,4763
05000US25017,Middlesex County, MA,82425,84464,90267,95249,98555,100517,1848,2575,1575,1700,3105,1402
05000US34023,Middlesex County, NJ,76848,77682,78643,82375,85337,88217,2276,2806,3510,2271,1953,3450
05000US26111,Midland County, MI,49913,49194,59292,57269,61624,56091,4949,3443,4306,5100,6347,3181
05000US48329,Midland County, TX,72050,77711,81064,65349,75590,81210,5359,8560,5048,5364,7336,4945
05000US55079,Milwaukee County, WI,41959,42765,45859,47607,47591,49636,867,1273,1097,1376,1516,1375
05000US46099,Minnehaha County, SD,52117,54829,54918,60038,61083,58742,2359,3123,3127,3711,1585,3208
05000US30063,Missoula County, MT,48077,44289,42815,46550,54311,56598,4956,4997,5512,3420,4421,2374
05000US01097,Mobile County, AL,42944,43642,42699,45744,46023,43061,2180,2450,2668,2458,3223,2459
05000US04015,Mohave County, AZ,39058,37674,40908,42423,42311,46060,2478,2295,2716,2342,2609,3310
05000US34025,Monmouth County, NJ,83749,88413,87092,90226,98270,99642,2555,4469,3611,3538,3365,2906
05000US54061,Monongalia County, WV,49534,41955,45880,50953,50888,50834,5181,4619,4788,4436,4442,3262
05000US12087,Monroe County, FL,50838,59388,61020,65717,65747,71973,3977,3722,5516,3620,6055,8306
05000US18105,Monroe County, IN,41972,43657,45062,43582,48713,47369,2458,2993,4332,2884,4126,3825
05000US26115,Monroe County, MI,53561,57275,54396,60799,59290,61916,5225,2927,3333,4601,4209,2399
05000US36055,Monroe County, NY,51665,51217,54077,54492,57561,60222,1167,1252,1923,1629,1799,1616
05000US42089,Monroe County, PA,55536,63118,57318,60095,61612,64170,3153,5677,4275,5816,4546,4928
05000US06053,Monterey County, CA,57052,57864,60494,63876,71274,70681,3890,2369,2094,3277,2706,3641
05000US01101,Montgomery County, AL,44675,43346,42477,45395,45724,49989,2252,3235,2150,3505,3014,2042
05000US24031,Montgomery County, MD,98326,97765,98917,99763,103235,108188,2084,2512,2749,1787,2632,2782
05000US39113,Montgomery County, OH,42776,42644,46561,46936,47755,50838,1519,1412,1427,1657,1479,1708
05000US42091,Montgomery County, PA,76919,79495,83254,84113,87304,90122,2405,2513,2221,2401,2466,3055
05000US47125,Montgomery County, TN,51017,50941,48659,56112,58381,56019,2110,1617,3446,3259,3502,4027
05000US48339,Montgomery County, TX,68428,70243,71577,71123,76811,76929,3641,3273,3012,3409,2526,3106
05000US51121,Montgomery County, VA,45679,42052,52151,55706,56462,51932,5612,3079,3186,8435,5925,5064
05000US37125,Moore County, NC,49959,51328,51547,52279,64184,58531,3736,5105,3018,6246,4711,3728
05000US01103,Morgan County, AL,43169,44708,47229,44378,48563,53260,4150,3183,2654,6034,5114,3800
05000US18109,Morgan County, IN,56664,52891,58755,60530,60946,68338,5524,4986,4158,4002,2301,7279
05000US34027,Morris County, NJ,100176,100579,101661,106985,114732,112288,2380,2151,2787,3573,5081,3704
05000US41051,Multnomah County, OR,54024,53660,59231,62629,63974,71186,2080,1966,2100,1731,2624,1842
05000US13215,Muscogee County, GA,40499,42176,41859,40060,42107,47288,1870,2929,2119,3076,3000,3943
05000US26121,Muskegon County, MI,41630,42600,47453,44264,49229,50080,2311,1721,2606,1790,2906,2848
05000US39119,Muskingum County, OH,39212,41230,42815,43422,43113,49602,4380,4066,3160,4427,3853,4988
05000US40101,Muskogee County, OK,39130,42756,41016,40860,36342,45290,4315,3824,4152,3275,3934,4702
05000US48347,Nacogdoches County, TX,35587,39326,39865,35562,47589,46459,7637,2656,7042,4643,9506,3308
05000US06055,Napa County, CA,70914,74123,75513,75077,86562,87025,4646,5828,5565,8742,5231,4296
05000US37127,Nash County, NC,40057,43209,42718,47902,47289,51601,4506,3533,3135,3896,5718,6540
05000US12089,Nassau County, FL,54330,52249,52005,71515,71489,63913,6004,6790,4376,8693,5271,5909
05000US36059,Nassau County, NY,96193,99035,101830,105870,108133,116304,2415,2477,1439,1944,2724,2934
05000US56025,Natrona County, WY,58635,56392,52886,59474,60546,64833,6185,5178,5090,5172,3393,5084
05000US04017,Navajo County, AZ,38400,34600,37833,36998,41295,40463,3836,4016,4250,2626,2754,4491
05000US06057,Nevada County, CA,54851,56917,54177,59022,65385,66299,5124,6308,8236,5577,8820,6793
05000US10003,New Castle County, DE,63109,64801,66256,67274,66647,69479,2250,2702,2057,2788,2450,2785
05000US37129,New Hanover County, NC,48688,49982,52685,50028,52674,52239,3002,3451,2900,4305,3740,3225
05000US09009,New Haven County, CT,58571,60391,61760,66176,66863,67845,2218,1619,1243,1895,2099,2580
05000US09011,New London County, CT,62883,66148,65764,70699,71987,67197,3149,2453,3193,2817,2582,3348
05000US36061,New York County, NY,72190,76089,75575,77559,85071,85066,2200,2016,2566,2469,3520,3480
05000US44005,Newport County, RI,70299,71799,66026,73596,80222,83822,5692,5787,2595,3875,6438,11620
05000US51700,Newport News city, VA,49184,49602,48630,50524,49716,50180,4159,3648,3600,2354,2824,3050
05000US13217,Newton County, GA,54107,46790,50806,48628,57337,57344,7021,5051,5056,5577,10600,6498
05000US36063,Niagara County, NY,46775,49700,48160,50233,54743,55306,2992,3044,3623,2552,2780,3093
05000US51710,Norfolk city, VA,44030,43186,45996,46467,49445,49587,2482,2340,2137,1944,2567,2812
05000US25021,Norfolk County, MA,84317,90506,94039,92696,100829,100356,3624,2643,3708,2629,1604,2713
05000US42095,Northampton County, PA,60482,61879,62436,66438,66066,68591,3298,2156,2676,3223,2530,3283
05000US42097,Northumberland County, PA,41011,39778,44989,47736,44895,47160,2281,2632,3691,3140,4643,4957
05000US48355,Nueces County, TX,49338,51817,50587,54318,52482,54560,2835,1964,2314,2327,2562,4560
05000US26125,Oakland County, MI,67202,69293,69998,71920,77475,80193,1539,1526,1414,1281,1270,1594
05000US34029,Ocean County, NJ,60227,63653,63765,62222,71081,68551,2316,2772,2132,1646,2643,1934
05000US45073,Oconee County, SC,40565,35159,43266,43743,50192,47132,2912,3328,3156,5449,7373,5959
05000US12091,Okaloosa County, FL,55139,57640,55659,60026,61866,63997,3186,4563,2040,5104,3637,3761
05000US40109,Oklahoma County, OK,45810,48183,49693,51078,51323,52214,1555,1508,1228,999,1404,1419
05000US21185,Oldham County, KY,,,,90341,96576,102033,,,,9484,8879,6451
05000US27109,Olmsted County, MN,65665,69731,69973,72428,77270,75327,2409,5612,3043,3664,3359,4367
05000US36065,Oneida County, NY,43702,48803,48023,52996,53902,54593,2971,2164,3974,2024,2438,2362
05000US36067,Onondaga County, NY,52110,52947,57365,56991,57652,59883,1506,1790,1560,1826,1941,2300
05000US37133,Onslow County, NC,44673,47581,45832,47150,49883,50639,4089,3471,3161,3555,4126,2358
05000US36069,Ontario County, NY,58165,59093,57711,57448,66004,62522,2289,4920,4464,4119,3939,3414
05000US06059,Orange County, CA,74163,76306,78428,81837,86217,89759,1461,1371,1784,1290,1296,1823
05000US12095,Orange County, FL,46716,47055,50720,51335,54107,58588,1123,1388,1313,1045,1470,2526
05000US37135,Orange County, NC,59409,59658,61164,66423,69940,72563,3364,5795,4370,5783,4669,5535
05000US36071,Orange County, NY,68950,70240,73031,73025,79311,75825,2495,3293,4374,4182,4104,4078
05000US48361,Orange County, TX,52728,46809,50429,53480,58863,56420,4112,6250,4225,5669,5629,5374
05000US45075,Orangeburg County, SC,31230,28680,38596,32450,35947,36536,2282,3070,2340,4533,2972,3086
05000US22071,Orleans Parish, LA,36631,35504,39077,38681,36999,38423,1524,1644,2108,2265,1963,2033
05000US12097,Osceola County, FL,41361,42899,45244,51436,49762,50546,2613,2957,2500,2401,3859,3703
05000US36075,Oswego County, NY,46533,47013,49767,53562,53406,54264,4134,4100,2541,3096,3806,3739
05000US35035,Otero County, NM,44102,42603,36142,43646,43887,42591,3496,2671,4749,5075,3383,6318
05000US26139,Ottawa County, MI,57517,60343,61012,64513,68543,69952,2418,1922,2072,2547,2387,2800
05000US22073,Ouachita Parish, LA,40473,41139,36709,37275,40161,44059,2900,2573,2938,2550,3370,4995
05000US55087,Outagamie County, WI,56433,58118,59252,61149,65564,64759,2427,3675,3349,2190,2203,3149
05000US55089,Ozaukee County, WI,70899,72103,79048,84415,82869,81104,5605,7854,3606,5760,5298,3643
05000US12099,Palm Beach County, FL,51804,52203,56664,57580,60057,61691,936,1207,1141,1498,1347,1430
05000US48367,Parker County, TX,60454,68882,67012,66548,75823,72004,3573,5990,4824,5988,6938,8476
05000US12101,Pasco County, FL,45678,45349,46133,46264,51347,54208,1500,1374,1354,1430,1337,2400
05000US34031,Passaic County, NJ,58898,58804,55954,62016,64233,75259,3312,2722,3583,2533,3610,4240
05000US13223,Paulding County, GA,56307,62453,60214,60856,66482,73084,3918,3856,4654,6988,3907,3610
05000US40119,Payne County, OK,36087,38642,39840,35927,36914,48031,4324,4560,3098,6038,3253,4785
05000US46103,Pennington County, SD,48906,47838,52611,50950,54836,59006,2454,3096,4393,2839,3213,4945
05000US23019,Penobscot County, ME,43598,42242,44173,47328,50349,47217,2656,2830,4678,2968,2654,3800
05000US17143,Peoria County, IL,49391,52352,53837,51975,53843,56138,2176,2298,3951,2349,2463,3576
05000US42101,Philadelphia County, PA,36836,39043,41233,41449,39759,46116,797,1237,797,1045,1379,1224
05000US45077,Pickens County, SC,41800,40136,42449,45779,47520,47148,4092,3206,3958,2324,3119,4258
05000US53053,Pierce County, WA,57660,60496,60167,64434,69278,75407,1731,1535,1296,1873,2137,1954
05000US21195,Pike County, KY,34373,31426,33321,,,,3584,2624,3457,,,
05000US04019,Pima County, AZ,43824,45856,47099,47560,51425,53464,1116,1267,1007,1541,1125,1484
05000US04021,Pinal County, AZ,49756,49867,50770,52555,52788,59058,2357,2461,1841,2162,2041,2065
05000US12103,Pinellas County, FL,43703,45152,47618,50036,51512,52198,1091,1094,1167,1266,1124,1318
05000US37147,Pitt County, NC,40639,41632,41453,46573,45849,42481,2086,2000,2439,3483,4471,2030
05000US06061,Placer County, CA,73328,75390,75708,85426,80728,88592,2659,2716,2585,3899,2589,4663
05000US29165,Platte County, MO,63438,69787,70837,77581,74646,80468,7643,4392,5152,3760,3207,8809
05000US25023,Plymouth County, MA,76183,74936,75080,82087,86910,90484,2867,2459,3675,3040,3359,2974
05000US12105,Polk County, FL,42435,42780,44061,46355,48475,51670,1473,1932,1576,1347,1645,1735
05000US19153,Polk County, IA,59328,60978,60176,64067,65995,68291,2165,1725,1936,2682,2029,2788
05000US41053,Polk County, OR,49781,51893,54970,52485,55428,61616,5422,4463,5440,5777,3703,8313
05000US72113,Ponce Municipio, PR,15990,15935,15418,17454,16270,17906,1379,1669,1157,1664,1622,1512
05000US39133,Portage County, OH,52337,51275,52835,49695,59402,64550,3182,3152,3194,4489,3931,4112
05000US55097,Portage County, WI,49872,51399,57244,53655,52247,57452,4552,2606,5009,3857,2973,4538
05000US18127,Porter County, IN,63806,60903,63807,66196,65747,66476,3351,4054,5871,3903,4175,5305
05000US51740,Portsmouth city, VA,43904,44905,49242,48516,50242,47919,3427,6208,4470,4409,3880,4155
05000US40125,Pottawatomie County, OK,45012,46839,43317,41716,48744,48776,2721,3529,2426,2449,3366,2752
05000US19155,Pottawattamie County, IA,50557,52239,53117,55972,58633,55376,3022,5936,4821,4470,4727,4714
05000US48375,Potter County, TX,37823,38324,40536,42305,45312,40797,4215,3111,3978,4874,4640,3760
05000US24033,Prince George's County, MD,72052,72290,76741,79184,81240,83034,1580,1676,1434,1792,1619,2026
05000US51153,Prince William County, VA,95268,92104,99766,97986,100845,107925,5429,2808,2514,3205,3324,5103
05000US44007,Providence County, RI,48159,47481,50565,52369,56672,56461,2286,2221,1442,2080,2608,1948
05000US08101,Pueblo County, CO,41218,41047,40050,44677,43148,48468,2572,2628,1749,3547,3056,2816
05000US05119,Pulaski County, AR,46368,44860,46070,47387,52450,49613,2575,2787,1934,2823,2942,1770
05000US12107,Putnam County, FL,32295,30765,31483,38239,33790,41608,3510,3423,2392,2371,1974,5256
05000US36079,Putnam County, NY,93746,97483,90538,96992,99479,102525,6264,8664,6426,7918,8674,9059
05000US47141,Putnam County, TN,31448,35516,40623,37437,39647,45199,3802,4113,3695,5732,5488,4066
05000US36081,Queens County, NY,56599,57241,60422,62207,64509,69320,943,1195,723,1151,1327,1781
05000US55101,Racine County, WI,54209,54525,57232,55706,60897,59759,2985,2259,2731,2292,3413,2744
05000US54081,Raleigh County, WV,40178,40561,37262,45863,42121,39122,3177,3745,3945,5623,4332,9333
05000US27123,Ramsey County, MN,56734,55101,57384,60369,61962,62919,2201,1741,2077,1643,1457,2075
05000US48381,Randall County, TX,60801,65749,61984,67015,62098,70108,3911,4074,3998,5882,3931,4333
05000US37151,Randolph County, NC,40109,41107,42347,44836,43154,47653,2599,2583,3227,5353,2546,3583
05000US28121,Rankin County, MS,55209,58755,57500,62332,66054,66480,4496,4515,4808,3730,5567,3250
05000US22079,Rapides Parish, LA,39331,40434,43222,42582,41646,49175,3824,3408,2982,4642,3071,3029
05000US36083,Rensselaer County, NY,57438,61457,60810,65965,64050,71648,3638,4129,3046,5829,3738,2014
05000US27131,Rice County, MN,58584,60527,57323,69135,64014,65839,4493,3644,6226,5709,4550,6563
05000US39139,Richland County, OH,39455,41548,45155,44073,46032,49564,2274,2261,3754,2979,5387,3950
05000US45079,Richland County, SC,47491,50028,51301,52030,51946,52159,2671,2181,1979,1816,2514,2724
05000US51760,Richmond city, VA,39193,43054,39906,42373,46261,48987,2535,3048,2036,3434,2332,2137
05000US13245,Richmond County, GA,35649,35793,41672,41419,37324,39413,3524,2029,2366,1926,2545,2633
05000US36085,Richmond County, NY,69633,71121,71622,77197,79201,82166,3474,3055,2532,4465,2788,5148
05000US20161,Riley County, KS,43778,44825,46677,50737,50067,44697,5674,4984,4095,3611,4849,3414
05000US06065,Riverside County, CA,54095,57006,58292,60134,63944,66964,1252,949,1771,1342,1223,1177
05000US51770,Roanoke city, VA,36651,41697,39835,37044,43799,42711,2688,3561,3741,3006,3511,5665
05000US51161,Roanoke County, VA,56400,62091,63210,60454,64287,68595,4394,3827,7627,5243,4712,6608
05000US47147,Robertson County, TN,50510,51883,53204,60423,60474,69079,3522,4904,3907,5914,4325,5733
05000US37155,Robeson County, NC,29542,29889,31558,34254,32729,35037,1851,1570,2074,3090,2696,2386
05000US55105,Rock County, WI,47118,50610,53777,50729,55304,57037,4696,3132,3410,2265,2968,2952
05000US17161,Rock Island County, IL,48159,47751,50542,50948,51711,52148,3625,2522,2266,1816,1883,2803
05000US13247,Rockdale County, GA,49767,46524,50761,56820,62429,61222,3871,3307,3150,2805,8024,5643
05000US37157,Rockingham County, NC,41335,38878,38241,40985,48196,40688,5769,3550,4354,2704,5931,2503
05000US33015,Rockingham County, NH,74782,79922,87960,81726,89451,95160,4142,3014,3166,4349,3963,6458
05000US51165,Rockingham County, VA,56074,56112,51979,57755,59493,61199,2411,3224,3215,4966,3771,3699
05000US36087,Rockland County, NY,80942,85037,85392,85515,88726,89812,3050,4694,3580,5870,4085,4056
05000US48397,Rockwall County, TX,93054,80407,90940,95731,94848,100595,5697,6312,6115,10333,8745,9005
05000US40131,Rogers County, OK,54425,55626,63041,62434,60735,60148,3465,2595,3743,2299,3280,3567
05000US39141,Ross County, OH,40493,40764,44907,46422,50713,46769,4430,3566,3656,5613,5345,6245
05000US37159,Rowan County, NC,41154,45978,45320,48379,47396,46035,2567,3304,4656,3024,3295,2912
05000US37161,Rutherford County, NC,34993,34347,35594,36121,40570,43111,2756,3736,3954,6790,3095,4217
05000US47149,Rutherford County, TN,57174,52502,60043,61157,68514,63739,4074,3339,2524,1718,3017,2605
05000US06067,Sacramento County, CA,52936,55842,58942,59780,63045,69767,1408,1118,1803,1528,1745,1676
05000US26145,Saginaw County, MI,41548,44931,43383,45849,45331,48990,1906,1810,2087,1783,2233,2063
05000US34033,Salem County, NJ,61943,57377,68830,53662,61250,65733,6739,8142,6340,4916,11275,5736
05000US05125,Saline County, AR,53107,53926,55051,64932,59633,63084,4147,4798,5726,5015,6354,5834
05000US49035,Salt Lake County, UT,61775,62672,65694,68665,71471,73801,850,1789,1387,2017,1174,1955
05000US06071,San Bernardino County, CA,52323,52041,53803,56337,60420,63857,1172,919,1596,1199,1081,1948
05000US06073,San Diego County, CA,61426,66192,67320,70824,76207,79079,812,1085,1448,995,1049,1474
05000US06075,San Francisco County, CA,77485,85070,92094,103801,110816,112376,2315,3216,3424,3580,3045,4192
05000US06077,San Joaquin County, CA,51432,51659,53705,59518,61164,64119,1301,1352,2554,2003,1542,2493
05000US35045,San Juan County, NM,43787,48773,49613,52003,45942,44841,3950,5116,3755,3775,5268,4446
05000US72127,San Juan Municipio, PR,21309,20234,18933,22727,21912,23012,1275,972,1401,1509,1617,1483
05000US06079,San Luis Obispo County, CA,58158,63474,62648,70564,71880,71148,2686,4084,4211,2814,4038,3925
05000US06081,San Mateo County, CA,91322,101051,101272,108627,116653,124425,1774,1495,1399,5154,3518,4666
05000US48409,San Patricio County, TX,46425,53877,54966,53348,51012,55018,4486,4565,4280,5645,4457,6763
05000US35043,Sandoval County, NM,55825,55398,63598,57158,54296,54338,4320,4489,2937,5144,4158,3977
05000US17167,Sangamon County, IL,55317,55103,57576,53782,61542,61997,2517,2874,2442,3373,2359,3749
05000US06083,Santa Barbara County, CA,62421,63833,63625,67436,71106,77472,3413,3988,2418,3312,2060,3718
05000US06085,Santa Clara County, CA,92014,97532,102340,111069,119035,126606,1523,2089,1449,1800,2988,3046
05000US06087,Santa Cruz County, CA,68438,65368,65139,77613,79705,86941,5190,5854,4375,3780,6744,5013
05000US35049,Santa Fe County, NM,51833,52809,55676,57863,58821,60193,2619,4386,3459,3432,3616,3393
05000US12113,Santa Rosa County, FL,54843,60317,59682,63619,66059,70787,3910,5168,2857,3867,3205,3661
05000US12115,Sarasota County, FL,48263,52109,56286,54989,58400,61683,2365,1484,2523,2006,3179,1789
05000US36091,Saratoga County, NY,70673,72354,75761,76097,83726,83765,4132,3856,4256,3341,4436,4232
05000US31153,Sarpy County, NE,65706,73775,73518,73569,80694,77941,4094,3652,3216,3615,3626,5007
05000US36093,Schenectady County, NY,54293,57587,61108,58331,62514,64847,3343,4390,3920,4940,3196,5147
05000US42107,Schuylkill County, PA,41114,43044,45810,50684,49559,48458,2749,2644,2427,1785,2525,3353
05000US39145,Scioto County, OH,37351,38233,35833,39210,43367,37257,5842,3438,5077,3689,6093,7566
05000US19163,Scott County, IA,53884,54679,57831,54730,58129,58175,3759,2218,3878,3681,4272,3831
05000US27139,Scott County, MN,83173,92107,92506,88765,98538,100963,6436,7248,5457,5658,7733,4693
05000US05131,Sebastian County, AR,41056,38418,40448,42053,41917,46826,4968,3082,3349,2797,5742,2495
05000US20173,Sedgwick County, KS,48361,50996,50840,52193,53923,55882,1563,1624,1007,1693,1407,2209
05000US12117,Seminole County, FL,55058,56322,57074,61311,64049,67470,2892,2300,3038,3559,3343,2717
05000US47155,Sevier County, TN,40715,39175,42107,45609,49963,47411,3332,3278,3446,2290,3674,5282
05000US06089,Shasta County, CA,40332,43706,46693,46724,52439,56280,3172,2646,4067,2821,4116,5148
05000US20177,Shawnee County, KS,50150,53507,51123,55710,57095,52104,2384,3475,2836,2840,3354,4053
05000US55117,Sheboygan County, WI,50678,54042,57047,54059,58361,60896,2740,3459,4108,2976,2777,3331
05000US01117,Shelby County, AL,67800,67754,70192,73647,73031,71230,3396,4639,2858,2838,3067,6349
05000US47157,Shelby County, TN,45226,43938,47083,47690,49647,47500,1445,1614,1324,1986,1745,2160
05000US27141,Sherburne County, MN,76036,77532,80088,83675,87756,80643,7217,7754,7395,4492,5552,4724
05000US26155,Shiawassee County, MI,41892,48523,51839,53244,53361,54456,4159,4024,3638,2964,4166,5400
05000US53057,Skagit County, WA,52448,50558,57122,60983,66066,73206,2335,2791,4977,3697,2745,4545
05000US48423,Smith County, TX,47745,43958,49060,52572,54339,58226,3549,3248,2809,3668,4442,4793
05000US53061,Snohomish County, WA,67394,71984,76251,78716,82595,87440,1735,1780,1728,1676,2225,2425
05000US06095,Solano County, CA,63520,67999,67443,73900,77133,84395,3371,3930,2860,3323,4965,3989
05000US34035,Somerset County, NJ,97219,100301,98440,104478,112153,121378,4417,3156,4426,3863,5663,6478
05000US42111,Somerset County, PA,43429,46217,43660,43871,48846,50988,2945,1833,2945,2610,3073,2164
05000US06097,Sonoma County, CA,61029,67771,66674,73929,80409,81395,1565,3392,2788,2470,3110,2313
05000US13255,Spalding County, GA,,,,,47027,42920,,,,,5480,3181
05000US45083,Spartanburg County, SC,42103,43688,45125,47371,50985,53581,2466,2397,2914,2336,2019,2745
05000US53063,Spokane County, WA,47576,50249,48525,53043,53360,59783,1817,2060,1533,1910,1844,2297
05000US51177,Spotsylvania County, VA,71901,75686,75535,81146,86491,88431,5083,3494,5429,2243,4582,7266
05000US29183,St. Charles County, MO,70137,73989,73116,80644,81594,81663,2223,3076,3606,2701,2728,2744
05000US01115,St. Clair County, AL,53803,50146,54484,60158,50934,56602,4543,4465,5394,4797,4026,6054
05000US17163,St. Clair County, IL,48136,50428,50347,50267,51670,59141,3402,3588,3088,2369,2082,3899
05000US26147,St. Clair County, MI,50285,50319,51127,51864,57362,56441,2451,2152,1497,2447,3687,2970
05000US55109,St. Croix County, WI,67502,76024,71449,72865,80512,81453,4903,4865,6781,5401,6749,4173
05000US29187,St. Francois County, MO,37349,41713,42863,45431,39288,46796,2989,4201,5110,6245,6256,4688
05000US12109,St. Johns County, FL,64862,65976,70379,78581,73836,80712,4782,2419,4713,5141,6283,4716
05000US18141,St. Joseph County, IN,40528,46254,46552,48358,52106,54434,1265,2194,2008,2877,1884,4100
05000US22097,St. Landry Parish, LA,31955,27753,30286,31207,34462,32867,4905,4460,3629,1842,4284,5454
05000US36089,St. Lawrence County, NY,45157,43758,42144,51592,50325,49681,4959,3078,3026,1922,3063,3193
05000US29510,St. Louis city, MO,34488,35959,38397,40346,41441,43889,1683,1796,1795,1544,2258,2305
05000US27137,St. Louis County, MN,45895,50040,50124,49825,52890,53550,1912,2418,2419,2582,3050,3190
05000US29189,St. Louis County, MO,59290,59993,61516,62572,64784,66778,1227,1715,1131,1793,1704,1956
05000US12111,St. Lucie County, FL,42504,42359,45905,44804,50062,54098,3692,2928,3413,2655,2826,3900
05000US24037,St. Mary's County, MD,78233,86417,85163,78195,81495,92250,6783,4765,7529,7763,4561,9250
05000US22103,St. Tammany Parish, LA,61280,63210,63180,64639,67396,65392,3920,3918,2113,4745,3892,4679
05000US51179,Stafford County, VA,93454,93422,95882,97484,112795,110307,5021,6986,5056,9507,5081,6315
05000US06099,Stanislaus County, CA,47962,51084,52363,54305,59514,60321,2536,1346,2615,2381,2562,3397
05000US39151,Stark County, OH,44979,47713,48819,50994,50984,52068,1805,1514,2037,1674,2244,1914
05000US27145,Stearns County, MN,57763,56040,55030,57728,63271,60669,3332,2455,2109,2701,2303,2225
05000US36101,Steuben County, NY,47046,46889,47146,50575,50930,55569,3175,2165,3242,2803,2974,3106
05000US19169,Story County, IA,50279,46091,50811,53371,60351,54586,4756,5589,2005,4519,8380,4578
05000US33017,Strafford County, NH,60692,58976,61563,71295,71057,71528,4127,5296,5057,3872,5979,5983
05000US51800,Suffolk city, VA,60637,62079,61203,66669,70277,71829,5555,5426,3861,5806,4682,6440
05000US25025,Suffolk County, MA,54747,54585,56771,61796,66459,69985,2139,1927,1946,1926,1956,3250
05000US36103,Suffolk County, NY,85439,86266,88340,92933,94750,100468,1792,1775,2415,2401,2550,1777
05000US36105,Sullivan County, NY,47805,53219,51761,50652,55309,52274,3858,7066,6091,12310,7162,6570
05000US47163,Sullivan County, TN,40148,38251,42012,42859,44909,44652,2478,1895,2948,2576,3388,4723
05000US39153,Summit County, OH,49232,50365,51309,52036,55419,58876,1731,1394,1341,1460,1790,2688
05000US47165,Sumner County, TN,55917,58316,59753,60503,65014,65948,3144,4388,3849,3522,2775,2156
05000US12119,Sumter County, FL,52891,50942,51335,54562,54057,53895,3106,4341,5576,5337,5564,2460
05000US45085,Sumter County, SC,39780,36633,41169,40614,45585,45994,2773,4289,1928,5396,4437,3606
05000US37171,Surry County, NC,35579,36511,37337,36802,42438,48398,1882,4089,2571,3150,4595,8296
05000US10005,Sussex County, DE,50629,55011,55065,57734,61985,60277,2156,3560,3042,3796,2971,3557
05000US34037,Sussex County, NJ,88407,82075,85086,87829,90026,92818,6008,4925,6402,4590,4770,4908
05000US06101,Sutter County, CA,49139,54433,52277,51397,55062,59121,4861,4538,5218,3764,6050,4224
05000US01121,Talladega County, AL,37719,39971,34451,39393,39731,40315,3980,4241,4142,4351,4916,3166
05000US22105,Tangipahoa Parish, LA,44166,40689,42962,48162,44861,48205,6891,4431,6740,5918,4916,3436
05000US48439,Tarrant County, TX,56895,58099,60737,61534,65052,66063,1075,1317,744,946,1631,1349
05000US48441,Taylor County, TX,44447,45907,48636,48803,51894,47508,2832,3164,5389,4111,4757,2986
05000US17179,Tazewell County, IL,56656,60801,57020,60152,60306,60857,4463,2835,3067,3578,3495,2693
05000US22109,Terrebonne Parish, LA,55148,46678,41786,46026,42857,52820,6688,5194,2704,6245,6784,6402
05000US53067,Thurston County, WA,59785,61609,62137,65783,71765,72703,2603,2827,3953,2620,2663,3003
05000US18157,Tippecanoe County, IN,47731,45771,50224,51361,52183,50256,3158,2419,3052,1568,4100,4357
05000US72135,Toa Alta Municipio, PR,29170,29341,32618,26171,24223,26358,2703,2611,4993,1986,5368,3416
05000US72137,Toa Baja Municipio, PR,24523,22166,23392,23560,25487,25504,2942,2496,1683,2313,3235,2739
05000US09013,Tolland County, CT,72954,78786,82168,81252,72117,91646,3780,3407,4310,3226,4952,7899
05000US48451,Tom Green County, TX,45968,44959,48114,48696,51114,52283,2637,5325,7785,4461,6278,5118
05000US36109,Tompkins County, NY,48516,52885,58084,56349,56672,57276,5182,6027,4517,3335,6303,5532
05000US49045,Tooele County, UT,,,,,72386,72906,,,,,8708,7366
05000US48453,Travis County, TX,60464,61787,65269,70158,72884,76392,1786,1397,1969,1425,2003,2247
05000US13285,Troup County, GA,43642,40486,39067,42371,38977,44260,4759,4056,6672,8429,7321,5382
05000US72139,Trujillo Alto Municipio, PR,30015,25972,30338,33122,31322,31078,2442,2579,3236,3748,2189,1924
05000US39155,Trumbull County, OH,41798,43039,42368,45552,46201,46196,1546,1947,1974,2704,1435,3823
05000US06107,Tulare County, CA,39422,42611,42413,45881,46266,48817,2284,2208,2564,1589,2633,2809
05000US40143,Tulsa County, OK,47949,50460,51287,51325,52441,55638,1182,930,880,934,1056,1421
05000US01125,Tuscaloosa County, AL,46538,47531,49067,47787,52313,54459,2485,2660,3704,3441,2796,4961
05000US39157,Tuscarawas County, OH,44130,46253,47331,50440,51386,49658,2494,2817,3646,3963,3292,4208
05000US16083,Twin Falls County, ID,47403,43624,45499,51210,51589,51196,7063,4323,3290,6135,5385,3376
05000US36111,Ulster County, NY,58429,58093,59758,62790,63621,63889,3682,4824,3903,3777,3907,4118
05000US41059,Umatilla County, OR,48514,44402,49472,50171,52288,56842,4000,3408,2496,4767,6496,8158
05000US37179,Union County, NC,63355,62898,71729,71588,77691,80337,2985,4050,2617,5417,3326,2486
05000US34039,Union County, NJ,64593,69032,71163,72028,77326,82186,2913,3571,2818,2602,2731,4251
05000US49049,Utah County, UT,60172,60944,65487,69799,70417,75349,1974,1235,1720,2256,2021,1567
05000US35061,Valencia County, NM,40075,37628,42092,43700,47409,46493,5953,5810,4536,3561,6895,5456
05000US26159,Van Buren County, MI,45081,47435,48034,47917,52971,59295,3794,4267,3060,4661,4942,4093
05000US18163,Vanderburgh County, IN,41102,42044,42564,46064,46681,50325,2420,1926,2908,3439,2998,2201
05000US06111,Ventura County, CA,77363,75449,80032,80135,82857,84566,2133,2069,2247,2823,2328,2398
05000US17183,Vermilion County, IL,45089,41690,45098,45481,42345,43655,2847,3112,3254,3398,3539,2992
05000US48469,Victoria County, TX,52304,50245,56545,53778,51892,50210,3377,5636,4693,5724,4818,4866
05000US18167,Vigo County, IN,37930,41385,38632,43910,41125,48961,4110,2275,2867,3578,3803,2783
05000US51810,Virginia Beach city, VA,62855,68816,67281,71117,72586,77059,2638,3220,1670,2228,2324,2200
05000US12127,Volusia County, FL,40919,40818,42175,45366,46901,50361,1081,1351,1730,1889,1895,1262
05000US40145,Wagoner County, OK,52108,59170,57319,62041,57823,62421,2790,3109,3744,3653,4515,3950
05000US37183,Wake County, NC,65160,66634,70533,76097,77318,79970,1779,1925,1200,2059,2446,2039
05000US01127,Walker County, AL,34810,35495,35056,39068,41973,47602,6404,4993,3551,3135,4337,4904
05000US13295,Walker County, GA,42018,38493,44358,39209,45410,42609,3830,6379,4759,5411,6869,5252
05000US48471,Walker County, TX,38369,38483,40448,42662,40936,40100,8172,4654,5374,4067,4209,7234
05000US12131,Walton County, FL,,,,56246,51620,62914,,,,5691,3376,9717
05000US13297,Walton County, GA,53233,50895,57278,53202,54867,66640,4132,2752,3797,4182,5205,9602
05000US55127,Walworth County, WI,52057,52277,58537,58302,60178,63800,2882,2385,3484,3805,3054,3964
05000US38101,Ward County, ND,57679,66570,62631,62573,64742,65719,6562,5985,6375,5643,5354,5194
05000US21227,Warren County, KY,48783,50752,44679,46686,48962,53601,2122,3856,5484,3193,4827,2230
05000US34041,Warren County, NJ,67208,71444,71277,74867,80657,77452,6343,3365,6403,4563,5109,5814
05000US36113,Warren County, NY,55593,57294,57541,58061,60541,56482,5213,4794,6893,6735,4759,3144
05000US39165,Warren County, OH,73432,71731,81017,80207,84130,86473,6601,3590,4800,4881,5308,4058
05000US05143,Washington County, AR,42073,45034,46160,45679,50169,50342,2951,2987,2049,2617,2440,2522
05000US24043,Washington County, MD,57615,55471,55979,54250,60385,63126,4088,3587,4505,3260,3361,2666
05000US27163,Washington County, MN,80748,83545,87995,90256,91866,95124,2307,4054,4721,3825,3947,4445
05000US41067,Washington County, OR,63238,66136,70447,75634,80946,83068,2919,2793,1703,1519,1692,2967
05000US42125,Washington County, PA,55124,56047,58085,57998,60551,63251,1909,2712,3726,3596,3553,2265
05000US44009,Washington County, RI,70433,71229,72453,77813,79374,89847,6213,5251,6202,4813,7717,6274
05000US47179,Washington County, TN,41349,42950,45484,46276,40697,48765,1424,2804,4323,2735,3322,4700
05000US49053,Washington County, UT,51063,49981,54913,55056,54842,56333,3570,4465,2790,3714,3460,3148
05000US55131,Washington County, WI,66391,68424,69713,73502,75453,73435,3051,3408,3473,4360,4149,4664
05000US32031,Washoe County, NV,53588,52618,56382,58175,61498,63310,3017,1812,2087,2306,1330,3111
05000US26161,Washtenaw County, MI,59660,62845,61977,65601,70286,71860,2846,2167,2207,2780,2695,3365
05000US55133,Waukesha County, WI,75368,76053,77761,81878,82248,86968,1928,2476,3167,1610,1907,2195
05000US18177,Wayne County, IN,34745,41204,42160,43401,45017,44928,3593,2134,2759,4479,6151,3391
05000US26163,Wayne County, MI,40487,41435,41557,43464,45135,46390,720,672,601,1134,910,861
05000US37191,Wayne County, NC,42193,35966,40361,41711,44347,40791,3646,1880,3393,3830,3779,1978
05000US36117,Wayne County, NY,50242,45951,50561,59538,51326,61515,2692,4566,2727,4525,3133,3238
05000US39169,Wayne County, OH,49849,49988,52760,53434,55899,59111,2653,3368,2939,1964,4120,2774
05000US48479,Webb County, TX,39991,38312,39774,35659,43408,46862,2637,2346,2899,2932,3320,3473
05000US49057,Weber County, UT,53809,59604,59146,63158,62917,68669,1974,2464,4615,2734,2121,3264
05000US08123,Weld County, CO,58611,62083,70256,63400,68884,75938,2251,3119,2550,2926,3482,2078
05000US36119,Westchester County, NY,84220,83477,86108,89709,90578,94811,3499,2590,3303,3205,3039,3474
05000US42129,Westmoreland County, PA,51531,53844,53540,56722,60713,58471,1498,2161,2149,1693,1941,2488
05000US53073,Whatcom County, WA,50186,53665,55016,56411,61186,62268,4300,2845,3235,4819,2599,3301
05000US05145,White County, AR,43643,39340,38986,42844,42443,42270,2988,6333,5485,6419,3952,4648
05000US13313,Whitfield County, GA,38126,42069,45894,46399,40717,45028,3182,7975,6188,3353,2391,3468
05000US48485,Wichita County, TX,43525,42996,45416,44769,43295,47373,3740,3069,2712,2951,3540,3755
05000US24045,Wicomico County, MD,48897,53432,54781,50844,54080,57249,4554,2868,4074,5331,6226,6447
05000US37193,Wilkes County, NC,31135,30743,40919,41332,40995,43466,4121,2321,3660,4980,6293,4676
05000US17197,Will County, IL,74397,74828,75992,81438,82196,85818,2067,2276,2141,2505,2399,3313
05000US17199,Williamson County, IL,44418,49153,48736,48409,50408,43568,3220,6312,4819,3426,5323,3579
05000US47187,Williamson County, TN,88759,93337,102881,106054,105622,110700,6569,7622,5602,5194,7697,7754
05000US48491,Williamson County, TX,70911,72453,78311,81818,81719,87454,1567,2331,2242,3396,2121,2839
05000US37195,Wilson County, NC,41095,38774,41204,39036,45960,42769,2178,2911,2310,5608,6968,5406
05000US47189,Wilson County, TN,56278,59685,64476,71153,69959,76756,6183,4050,6249,2996,4384,4344
05000US09015,Windham County, CT,57503,59195,62905,61608,63573,65765,6522,5865,4076,4728,5865,3227
05000US17201,Winnebago County, IL,46946,47121,49578,49749,53337,53345,1727,2322,2382,2160,1940,2324
05000US55139,Winnebago County, WI,49776,52387,52136,56754,56678,56589,2067,1834,2064,2217,3045,2940
05000US48497,Wise County, TX,,,,,58839,69040,,,,,7477,9883
05000US39173,Wood County, OH,51680,54402,57027,60166,60382,63695,2954,3234,2506,3255,5845,5142
05000US55141,Wood County, WI,47726,50831,50796,51887,52110,55273,3909,2657,2402,4281,4780,3810
05000US54107,Wood County, WV,41408,42014,39991,48655,44115,43563,2162,2784,2965,5046,4879,4858
05000US19193,Woodbury County, IA,45594,44721,51146,52324,55273,61516,2088,3130,2683,4693,4551,3522
05000US25027,Worcester County, MA,62483,65407,65753,69295,70402,71853,2404,1683,1837,2194,2801,2035
05000US27171,Wright County, MN,71917,77442,76306,74190,79931,88359,4176,4841,3962,5921,5711,7928
05000US20209,Wyandotte County, KS,38412,36637,41800,43129,46310,47285,2534,1566,1542,2503,2260,2643
05000US53077,Yakima County, WA,41917,44648,47223,48965,47402,51555,2075,2625,1890,3169,2712,2307
05000US41071,Yamhill County, OR,58612,52255,51084,61596,64104,60893,2940,4205,4029,4651,7512,4626
05000US04025,Yavapai County, AZ,39895,44255,48105,50420,50041,48148,2182,1978,3373,2583,2948,2862
05000US30111,Yellowstone County, MT,52610,51508,58026,57945,58156,60079,3392,2569,2753,3577,3112,4216
05000US06113,Yolo County, CA,54898,53765,58966,64904,65729,68670,5475,3809,4179,4304,6256,4947
05000US23031,York County, ME,55350,55509,61613,60863,66391,66614,2947,2930,1635,3532,2153,4465
05000US42133,York County, PA,57065,58587,58409,62462,63519,65239,2028,2142,2369,2726,2100,2771
05000US45091,York County, SC,54439,52565,56359,60767,62217,64319,4013,4175,3723,3181,2631,2953
05000US51199,York County, VA,78073,81636,84580,89418,83993,83593,9600,6684,9372,6349,10386,11328
05000US06115,Yuba County, CA,43801,42143,50451,49259,63120,46574,5685,6512,5085,6758,7245,6976
05000US04027,Yuma County, AZ,41666,40008,40539,43518,46798,43403,2672,2339,2350,2770,2922,3448
